"","p_val","avg_log2FC","pct.1","pct.2","p_val_adj","cluster","gene"
"ADPRHL1",0,2.51274185172269,0.913,0.069,0,"0","ADPRHL1"
"MIR1-1HG",0,3.66924822807999,0.87,0.032,0,"0","MIR1-1HG"
"SRL",0,2.38839586579367,0.905,0.074,0,"0","SRL"
"KCND3",0,2.61685424057566,0.905,0.075,0,"0","KCND3"
"PRDM16",0,2.12509997192695,0.903,0.076,0,"0","PRDM16"
"WNK2",0,2.41382266299554,0.936,0.111,0,"0","WNK2"
"CASZ1",0,2.41754222954598,0.891,0.074,0,"0","CASZ1"
"ASB18",0,2.27524350559151,0.886,0.069,0,"0","ASB18"
"MYOM3",0,2.11591105866977,0.905,0.09,0,"0","MYOM3"
"SYNDIG1",0,2.57239912272179,0.862,0.049,0,"0","SYNDIG1"
"SCN5A",0,2.17811361565366,0.918,0.107,0,"0","SCN5A"
"B4GALNT3",0,2.27569945882644,0.86,0.052,0,"0","B4GALNT3"
"FBXO40",0,1.70898790917636,0.922,0.117,0,"0","FBXO40"
"ENSG00000290999",0,1.97479133130013,0.908,0.104,0,"0","ENSG00000290999"
"TRIM54",0,1.70423952061501,0.89,0.087,0,"0","TRIM54"
"MYH7B",0,2.10807401380664,0.92,0.117,0,"0","MYH7B"
"NDRG4",0,2.15493546717684,0.878,0.079,0,"0","NDRG4"
"JPH2",0,2.03387745102972,0.858,0.066,0,"0","JPH2"
"PACRG",0,2.2068559454745,0.917,0.129,0,"0","PACRG"
"CAP2",0,1.48109115747308,0.894,0.107,0,"0","CAP2"
"FSD2",0,1.8183371624815,0.862,0.075,0,"0","FSD2"
"ALPK2",0,1.96805455483143,0.934,0.148,0,"0","ALPK2"
"ACOT11",0,1.56157852368258,0.911,0.127,0,"0","ACOT11"
"CAMK2B",0,2.32957480736498,0.817,0.034,0,"0","CAMK2B"
"SLC4A3",0,2.04103191638472,0.826,0.045,0,"0","SLC4A3"
"PEBP4",0,2.27596470325435,0.835,0.054,0,"0","PEBP4"
"TXLNB",0,1.59304570877278,0.894,0.114,0,"0","TXLNB"
"PLIN5",0,2.60834350304302,0.826,0.047,0,"0","PLIN5"
"HHATL",0,1.98603086081575,0.843,0.067,0,"0","HHATL"
"MRAS",0,1.41699450510832,0.884,0.109,0,"0","MRAS"
"TRIM63",0,1.90645352166735,0.845,0.071,0,"0","TRIM63"
"OBSCN",0,2.36443201424816,0.963,0.192,0,"0","OBSCN"
"TMEM178B",0,2.49228618040113,0.95,0.179,0,"0","TMEM178B"
"COBL",0,1.32066554671042,0.852,0.083,0,"0","COBL"
"ASB15",0,1.66164913271079,0.876,0.107,0,"0","ASB15"
"XIRP2",0,1.92379674386884,0.889,0.121,0,"0","XIRP2"
"CASQ2",0,1.75442517996744,0.943,0.177,0,"0","CASQ2"
"SMYD1",0,1.68787754825468,0.852,0.086,0,"0","SMYD1"
"GRIP2",0,1.56995081972695,0.841,0.078,0,"0","GRIP2"
"RAMP1",0,2.00046821266929,0.805,0.043,0,"0","RAMP1"
"ALPK3",0,1.72286164168428,0.937,0.176,0,"0","ALPK3"
"VWC2",0,1.71600216593036,0.884,0.123,0,"0","VWC2"
"MYO18B",0,2.71949870768901,0.967,0.206,0,"0","MYO18B"
"MYL3",0,1.97451526431926,0.949,0.188,0,"0","MYL3"
"GALNT17",0,1.97800205232742,0.912,0.152,0,"0","GALNT17"
"CYP2J2",0,1.32010592014385,0.852,0.093,0,"0","CYP2J2"
"CKMT2",0,2.0036528235547,0.944,0.186,0,"0","CKMT2"
"MTUS2",0,1.77621802381572,0.947,0.189,0,"0","MTUS2"
"LRRC2",0,1.48071039794485,0.92,0.163,0,"0","LRRC2"
"GCNT2",0,1.29307205371589,0.871,0.114,0,"0","GCNT2"
"VLDLR-AS1",0,1.57922091182598,0.879,0.123,0,"0","VLDLR-AS1"
"ENSG00000287776",0,1.68094236692187,0.819,0.064,0,"0","ENSG00000287776"
"HOOK2",0,1.39777444001681,0.854,0.1,0,"0","HOOK2"
"CADPS",0,1.51348622588984,0.903,0.15,0,"0","CADPS"
"KBTBD12",0,1.31647680177674,0.852,0.099,0,"0","KBTBD12"
"TBX5",0,1.3381260677253,0.828,0.075,0,"0","TBX5"
"CFAP61",0,1.44643751715145,0.856,0.103,0,"0","CFAP61"
"DOCK3",0,1.16692483322506,0.898,0.147,0,"0","DOCK3"
"POPDC2",0,1.24233474684131,0.845,0.094,0,"0","POPDC2"
"DPF3",0,2.14223405575315,0.966,0.215,0,"0","DPF3"
"MYLK3",0,1.41777701701571,0.946,0.195,0,"0","MYLK3"
"FHIP1A",0,1.60083501540075,0.849,0.099,0,"0","FHIP1A"
"GREB1L",0,1.82771612529483,0.847,0.097,0,"0","GREB1L"
"ADCY5",0,1.34565161783903,0.902,0.153,0,"0","ADCY5"
"TNNT1",0,2.64616853276526,0.79,0.041,0,"0","TNNT1"
"MPP3",0,2.09875795194684,0.812,0.065,0,"0","MPP3"
"TRIM55",0,1.16608090669948,0.83,0.083,0,"0","TRIM55"
"GOT1",0,1.03117179610537,0.873,0.127,0,"0","GOT1"
"LINC01954",0,2.39620092274532,0.782,0.037,0,"0","LINC01954"
"SGCG",0,1.84628184782114,0.952,0.207,0,"0","SGCG"
"SMYD2",0,1.49508691611747,0.909,0.165,0,"0","SMYD2"
"RILPL1",0,1.15999925643125,0.877,0.133,0,"0","RILPL1"
"DAPK2",0,1.50426198633821,0.92,0.178,0,"0","DAPK2"
"TMEM182",0,1.13011140903294,0.863,0.122,0,"0","TMEM182"
"ADAM23",0,1.32333367228292,0.872,0.131,0,"0","ADAM23"
"SRGAP3",0,1.15363006544056,0.818,0.077,0,"0","SRGAP3"
"USP13",0,1.04065948944435,0.892,0.152,0,"0","USP13"
"GPAT3",0,1.67171201630286,0.892,0.154,0,"0","GPAT3"
"AQP7",0,1.18430501359222,0.844,0.106,0,"0","AQP7"
"STK33",0,1.05117977723565,0.924,0.186,0,"0","STK33"
"RBM24",0,1.0979317994528,0.927,0.191,0,"0","RBM24"
"KLHL31",0,1.52897889502551,0.834,0.098,0,"0","KLHL31"
"TENM2",0,1.85718903420429,0.955,0.22,0,"0","TENM2"
"GMPR",0,1.91333513639189,0.783,0.048,0,"0","GMPR"
"VIPR2",0,1.61394298805386,0.844,0.109,0,"0","VIPR2"
"GATA4",0,1.65706628098625,0.937,0.203,0,"0","GATA4"
"SLC38A1",0,1.12888481648595,0.899,0.165,0,"0","SLC38A1"
"NRAP",0,2.12270940063267,0.955,0.222,0,"0","NRAP"
"RNF207",0,1.10948381835469,0.807,0.075,0,"0","RNF207"
"SLC4A4",0,1.00157069321705,0.866,0.134,0,"0","SLC4A4"
"PYGB",0,1.69417096989155,0.822,0.09,0,"0","PYGB"
"PPARGC1B",0,1.03950969727853,0.89,0.16,0,"0","PPARGC1B"
"FYB2",0,2.37147394234811,0.807,0.078,0,"0","FYB2"
"GTF2IRD1",0,1.58413128940531,0.793,0.064,0,"0","GTF2IRD1"
"HRAT17",0,1.30386298041976,0.917,0.188,0,"0","HRAT17"
"PIP5K1B",0,1.09911283002145,0.92,0.191,0,"0","PIP5K1B"
"ACO2",0,1.02294557949328,0.858,0.131,0,"0","ACO2"
"LMOD2",0,2.28017193425421,0.929,0.203,0,"0","LMOD2"
"LINC01505",0,1.89099230622821,0.916,0.19,0,"0","LINC01505"
"SLC7A6",0,1.18643912501692,0.882,0.156,0,"0","SLC7A6"
"DGKG",0,1.12529431744708,0.91,0.185,0,"0","DGKG"
"FABP3",0,1.0055900896338,0.84,0.115,0,"0","FABP3"
"ENSG00000286071",0,1.81545787394071,0.86,0.135,0,"0","ENSG00000286071"
"MIR3936HG",0,1.11551324731197,0.808,0.084,0,"0","MIR3936HG"
"HSPB7",0,1.37354076542296,0.788,0.064,0,"0","HSPB7"
"TPM2",0,1.3642000412022,0.913,0.19,0,"0","TPM2"
"ATP1B1",0,1.07246540137315,0.871,0.149,0,"0","ATP1B1"
"NPAS2",0,1.17962984550887,0.896,0.175,0,"0","NPAS2"
"NEK10",0,1.40932119272307,0.828,0.107,0,"0","NEK10"
"LINC01128",0,1.56462749851473,0.805,0.085,0,"0","LINC01128"
"STYXL2",0,1.50007159368409,0.779,0.059,0,"0","STYXL2"
"ENSG00000287999",0,2.3996764719709,0.929,0.21,0,"0","ENSG00000287999"
"PTPN3",0,1.45736763745288,0.798,0.079,0,"0","PTPN3"
"PPARGC1A",0,1.80940445297274,0.943,0.224,0,"0","PPARGC1A"
"SLC41A1",0,1.05768869717078,0.806,0.089,0,"0","SLC41A1"
"SPHKAP",0,1.59833664526722,0.937,0.22,0,"0","SPHKAP"
"C10orf71",0,2.28632993542355,0.741,0.024,0,"0","C10orf71"
"SLC1A3",0,1.14561720886051,0.942,0.226,0,"0","SLC1A3"
"CACNA2D3",0,1.47414266443337,0.891,0.176,0,"0","CACNA2D3"
"PPP1R13L",0,1.29086860189564,0.781,0.066,0,"0","PPP1R13L"
"BCL11A",0,1.54121493892043,0.775,0.062,0,"0","BCL11A"
"NRG2",0,1.2168957773582,0.795,0.083,0,"0","NRG2"
"ENSG00000286639",0,1.41176280729548,0.903,0.193,0,"0","ENSG00000286639"
"GRAMD1B",0,1.04204464317367,0.855,0.145,0,"0","GRAMD1B"
"KIF21A",0,1.12051412334652,0.946,0.236,0,"0","KIF21A"
"PPP2R3A",0,1.44414352516709,0.939,0.23,0,"0","PPP2R3A"
"PKP2",0,1.90554157234209,0.971,0.264,0,"0","PKP2"
"MYPN",0,1.88802331009613,0.951,0.245,0,"0","MYPN"
"SYNM",0,1.09548411282887,0.789,0.084,0,"0","SYNM"
"RETREG1",0,1.35336701327785,0.938,0.233,0,"0","RETREG1"
"ADRA1A",0,1.17691463771308,0.819,0.114,0,"0","ADRA1A"
"MYOCD",0,1.32757171215265,0.843,0.14,0,"0","MYOCD"
"KLHL7",0,1.04712475724088,0.925,0.223,0,"0","KLHL7"
"TMEM71",0,1.70389746025837,0.957,0.255,0,"0","TMEM71"
"TMEM164",0,1.2086621907927,0.859,0.157,0,"0","TMEM164"
"REEP1",0,1.49880938124794,0.749,0.048,0,"0","REEP1"
"SLC8A1-AS1",0,1.67544225084354,0.758,0.058,0,"0","SLC8A1-AS1"
"ASB2",0,2.11922366211276,0.732,0.033,0,"0","ASB2"
"NCAM1",0,1.77112918449637,0.966,0.268,0,"0","NCAM1"
"SPTB",0,1.4259794700881,0.742,0.044,0,"0","SPTB"
"FBXO32",0,1.68438214521764,0.902,0.205,0,"0","FBXO32"
"RRAD",0,1.77629779719527,0.755,0.058,0,"0","RRAD"
"MFN2",0,1.13005815694978,0.768,0.073,0,"0","MFN2"
"SMPX",0,1.05383372092672,0.769,0.074,0,"0","SMPX"
"FN3K",0,1.70291322998543,0.737,0.042,0,"0","FN3K"
"HSPB8",0,1.28078648159927,0.758,0.064,0,"0","HSPB8"
"IGSF9B",0,1.29760637509217,0.757,0.064,0,"0","IGSF9B"
"DANT2",0,1.80615099372824,0.943,0.251,0,"0","DANT2"
"CTNND2",0,1.33481159349221,0.854,0.163,0,"0","CTNND2"
"MAPK4",0,1.83230933272004,0.73,0.039,0,"0","MAPK4"
"MICAL3",0,1.5794206308639,0.959,0.268,0,"0","MICAL3"
"DGLUCY",0,1.01626835768538,0.92,0.23,0,"0","DGLUCY"
"HAND2-AS1",0,1.13311886358901,0.938,0.248,0,"0","HAND2-AS1"
"FBN2",0,1.28501336128305,0.818,0.128,0,"0","FBN2"
"MROH7",0,1.22151906621323,0.777,0.088,0,"0","MROH7"
"GNG7",0,1.5979812395617,0.744,0.055,0,"0","GNG7"
"MB",0,1.06378540611288,0.807,0.119,0,"0","MB"
"DES",0,1.05399882936496,0.928,0.242,0,"0","DES"
"GCOM1",0,1.27945781514858,0.733,0.048,0,"0","GCOM1"
"SLC5A1",0,1.75876458806959,0.728,0.043,0,"0","SLC5A1"
"TTN-AS1",0,2.19083393826201,0.929,0.245,0,"0","TTN-AS1"
"UBE2O",0,1.01444705017857,0.795,0.113,0,"0","UBE2O"
"PROX1",0,1.13018034272969,0.752,0.071,0,"0","PROX1"
"MIR133A1HG",0,1.18744303403288,0.795,0.114,0,"0","MIR133A1HG"
"SNRPN",0,1.08344947127841,0.759,0.079,0,"0","SNRPN"
"MLYCD",0,1.06553732595542,0.767,0.088,0,"0","MLYCD"
"PPP2R3B",0,1.99303177112413,0.712,0.033,0,"0","PPP2R3B"
"CEP85",0,1.25610077468661,0.724,0.047,0,"0","CEP85"
"COQ8A",0,1.74297892235151,0.727,0.051,0,"0","COQ8A"
"MRPS25",0,1.4176000939037,0.83,0.154,0,"0","MRPS25"
"RPL3L",0,1.40663722048505,0.712,0.036,0,"0","RPL3L"
"CSDC2",0,2.56485983617796,0.7,0.024,0,"0","CSDC2"
"NALCN",0,1.03864555320148,0.775,0.1,0,"0","NALCN"
"AKAP1",0,1.05687728415035,0.736,0.063,0,"0","AKAP1"
"PFKM",0,1.03135853889817,0.746,0.074,0,"0","PFKM"
"TTTY10",0,1.34159372024313,0.923,0.251,0,"0","TTTY10"
"LRRTM3",0,1.4140754725993,0.727,0.055,0,"0","LRRTM3"
"MACROD2",0,1.3955532456538,0.856,0.187,0,"0","MACROD2"
"ESRRB",0,2.05776781773177,0.701,0.033,0,"0","ESRRB"
"RBFOX1",0,1.41878529452057,0.964,0.297,0,"0","RBFOX1"
"NCKAP5",0,1.1473758597442,0.945,0.278,0,"0","NCKAP5"
"SLC27A1",0,1.34738852647895,0.723,0.056,0,"0","SLC27A1"
"ENSG00000288659",0,1.88893159738076,0.975,0.31,0,"0","ENSG00000288659"
"SLCO5A1",0,1.14965004088687,0.74,0.076,0,"0","SLCO5A1"
"PFKFB2",0,1.60896514039975,0.718,0.055,0,"0","PFKFB2"
"MIR4432HG",0,1.20200377052498,0.714,0.051,0,"0","MIR4432HG"
"TACC2",0,2.05508991245133,0.977,0.315,0,"0","TACC2"
"CHN2",0,1.36199134238084,0.943,0.284,0,"0","CHN2"
"EYA4",0,2.08175916384738,0.796,0.138,0,"0","EYA4"
"DYNC1I1",0,1.22153599516777,0.908,0.25,0,"0","DYNC1I1"
"PPP1R14C",0,1.34990388616329,0.705,0.047,0,"0","PPP1R14C"
"MACROD1",0,1.66270645683737,0.713,0.055,0,"0","MACROD1"
"ABHD2",0,1.22420452700308,0.85,0.192,0,"0","ABHD2"
"DPY19L2",0,1.01342076683437,0.966,0.311,0,"0","DPY19L2"
"ZDHHC11B",0,1.31216214302707,0.709,0.054,0,"0","ZDHHC11B"
"NOS1AP",0,1.11014901636377,0.703,0.051,0,"0","NOS1AP"
"ENSG00000291233",0,1.38473354126793,0.702,0.052,0,"0","ENSG00000291233"
"CPT1B",0,1.84092752429491,0.676,0.028,0,"0","CPT1B"
"LINC00881",0,1.79793140340333,0.71,0.065,0,"0","LINC00881"
"KCNN2",0,1.24015777909524,0.748,0.103,0,"0","KCNN2"
"ENSG00000286277",0,1.24394910586936,0.695,0.05,0,"0","ENSG00000286277"
"MYH14",0,1.64179103930466,0.677,0.033,0,"0","MYH14"
"LMO7",0,1.44869776430723,0.973,0.33,0,"0","LMO7"
"TANGO2",0,1.37840795231978,0.707,0.064,0,"0","TANGO2"
"LPL",0,2.20628069050035,0.924,0.282,0,"0","LPL"
"HEY2",0,1.00216790640761,0.717,0.077,0,"0","HEY2"
"LDB3",0,2.88417447397687,0.989,0.349,0,"0","LDB3"
"CKM",0,1.03531574568204,0.721,0.081,0,"0","CKM"
"ENSG00000291133",0,1.08365456785847,0.964,0.324,0,"0","ENSG00000291133"
"MYH6",0,3.09035651275759,0.707,0.067,0,"0","MYH6"
"CHRM2",0,1.30874895172695,0.961,0.325,0,"0","CHRM2"
"FRMD5",0,1.65379971155287,0.698,0.062,0,"0","FRMD5"
"USH2A",0,1.2241986819246,0.702,0.067,0,"0","USH2A"
"GOLGA8B",0,1.35555010117824,0.679,0.045,0,"0","GOLGA8B"
"ATP1A3",0,1.6498773604945,0.662,0.028,0,"0","ATP1A3"
"LINC02254",0,1.10640141183689,0.692,0.058,0,"0","LINC02254"
"SH3RF2",0,1.19073132920258,0.678,0.046,0,"0","SH3RF2"
"PLPP7",0,1.67037443641176,0.668,0.036,0,"0","PLPP7"
"IUR1",0,1.44952514894121,0.659,0.027,0,"0","IUR1"
"SNTA1",0,1.04756461312926,0.679,0.047,0,"0","SNTA1"
"CCDC141",0,1.0656027731016,0.967,0.336,0,"0","CCDC141"
"PARM1",0,1.08411185369849,0.697,0.074,0,"0","PARM1"
"LINC02334",0,1.9589091646003,0.665,0.042,0,"0","LINC02334"
"USP2",0,2.19445258040985,0.641,0.022,0,"0","USP2"
"KCNIP2",0,1.85097419892558,0.655,0.037,0,"0","KCNIP2"
"MITF",0,1.14854670142088,0.959,0.341,0,"0","MITF"
"ENSG00000261502",0,1.44826673758023,0.685,0.069,0,"0","ENSG00000261502"
"ACSS1",0,1.08822346393044,0.697,0.081,0,"0","ACSS1"
"ROR1",0,1.56995874657596,0.973,0.359,0,"0","ROR1"
"ENSG00000267784",0,2.24994324046255,0.64,0.027,0,"0","ENSG00000267784"
"ENSG00000260658",0,1.554510560521,0.858,0.245,0,"0","ENSG00000260658"
"TNNI3",0,1.87907881700078,0.973,0.36,0,"0","TNNI3"
"TRDN",0,1.38248411089525,0.974,0.362,0,"0","TRDN"
"BDNF",0,2.2104277889082,0.647,0.036,0,"0","BDNF"
"SPEG",0,1.74835101596548,0.632,0.024,0,"0","SPEG"
"ENSG00000288951",0,2.53287609165028,0.64,0.033,0,"0","ENSG00000288951"
"LINC02984",0,1.50697397513326,0.642,0.035,0,"0","LINC02984"
"LINC02362",0,1.14714612854514,0.65,0.044,0,"0","LINC02362"
"IDH2",0,1.02201938751017,0.662,0.056,0,"0","IDH2"
"FLACC1",0,1.48606985264229,0.655,0.05,0,"0","FLACC1"
"ENSG00000248994",0,1.19370926879031,0.658,0.053,0,"0","ENSG00000248994"
"ACTC1",0,1.43693987301315,0.761,0.157,0,"0","ACTC1"
"PDE4DIP",0,2.13854457351313,0.986,0.384,0,"0","PDE4DIP"
"ENSG00000288771",0,1.09088780706088,0.677,0.076,0,"0","ENSG00000288771"
"ENSG00000289254",0,1.94686808519551,0.624,0.023,0,"0","ENSG00000289254"
"PHACTR1",0,1.52378934328288,0.95,0.352,0,"0","PHACTR1"
"UBE2QL1",0,2.4613322486028,0.615,0.019,0,"0","UBE2QL1"
"RALYL",0,1.3401098782756,0.784,0.189,0,"0","RALYL"
"ENSG00000286749",0,2.19360291238314,0.653,0.063,0,"0","ENSG00000286749"
"PKD1L2",0,1.01983458971538,0.623,0.033,0,"0","PKD1L2"
"PLCXD3",0,1.95863813545548,0.975,0.386,0,"0","PLCXD3"
"MYOZ2",0,2.08857260447709,0.98,0.394,0,"0","MYOZ2"
"ENSG00000183308",0,1.07867249533842,0.646,0.061,0,"0","ENSG00000183308"
"CORIN",0,1.04658008600706,0.709,0.124,0,"0","CORIN"
"EGF",0,1.40172512106456,0.622,0.038,0,"0","EGF"
"NIBAN1",0,1.56434137605633,0.944,0.361,0,"0","NIBAN1"
"RNF150",0,1.2254364353207,0.966,0.383,0,"0","RNF150"
"FNIP2",0,1.19286371123319,0.896,0.314,0,"0","FNIP2"
"EFNA5",0,1.23262417660331,0.975,0.394,0,"0","EFNA5"
"PDZRN3",0,1.82781981057579,0.98,0.4,0,"0","PDZRN3"
"ACTN2",0,2.06206183882703,0.988,0.415,0,"0","ACTN2"
"ART3",0,1.1132093854174,0.609,0.037,0,"0","ART3"
"ANK1",0,1.57185239069105,0.61,0.038,0,"0","ANK1"
"MYOM2",0,2.38735183311473,0.991,0.421,0,"0","MYOM2"
"CAND2",0,1.09193087300422,0.602,0.035,0,"0","CAND2"
"ENSG00000253369",0,1.576499944091,0.621,0.054,0,"0","ENSG00000253369"
"ASB11",0,1.04501235038611,0.606,0.04,0,"0","ASB11"
"KANK1",0,1.16390285054416,0.965,0.4,0,"0","KANK1"
"SEMA4B",0,1.08206479813431,0.607,0.042,0,"0","SEMA4B"
"ANKRD2",0,2.86254246643461,0.611,0.047,0,"0","ANKRD2"
"ENSG00000229618",0,1.23503586664405,0.912,0.35,0,"0","ENSG00000229618"
"MYBPC3",0,3.05577165491395,0.991,0.43,0,"0","MYBPC3"
"PDE7A",0,1.44429331701363,0.97,0.41,0,"0","PDE7A"
"EPB41L4B",0,1.8635983260437,0.586,0.028,0,"0","EPB41L4B"
"HSPB3",0,1.07988943978207,0.587,0.031,0,"0","HSPB3"
"ASB15-AS1",0,2.12153141008874,0.572,0.016,0,"0","ASB15-AS1"
"SLC22A5",0,1.23272171006717,0.586,0.032,0,"0","SLC22A5"
"MSI2",0,1.05963816475599,0.967,0.416,0,"0","MSI2"
"ESRRG",0,1.11630087236919,0.975,0.425,0,"0","ESRRG"
"PXDNL",0,1.58261187066216,0.969,0.419,0,"0","PXDNL"
"SLC2A11",0,1.19452260065122,0.579,0.031,0,"0","SLC2A11"
"LINC01719",0,1.08846421592936,0.573,0.026,0,"0","LINC01719"
"ENSG00000234352",0,1.33292059276915,0.577,0.03,0,"0","ENSG00000234352"
"FHOD3",0,1.92829482716507,0.984,0.437,0,"0","FHOD3"
"ANKRD9",0,1.97781110347534,0.566,0.021,0,"0","ANKRD9"
"MLPH",0,1.50438409221787,0.571,0.027,0,"0","MLPH"
"PLCL2",0,1.02020912785938,0.956,0.414,0,"0","PLCL2"
"FLNC",0,1.64970897138335,0.567,0.026,0,"0","FLNC"
"RBM20",0,2.89861475715677,0.994,0.453,0,"0","RBM20"
"SDC4",0,1.20428103551536,0.573,0.032,0,"0","SDC4"
"KCNMB2",0,1.17656742244966,0.829,0.29,0,"0","KCNMB2"
"ENSG00000271945",0,1.81352222568509,0.597,0.059,0,"0","ENSG00000271945"
"NEXN",0,2.48427402394312,0.99,0.453,0,"0","NEXN"
"CPEB4",0,1.33992040946807,0.97,0.433,0,"0","CPEB4"
"ENSG00000174171",0,2.18871958989106,0.551,0.015,0,"0","ENSG00000174171"
"GREB1",0,1.22285779282204,0.565,0.032,0,"0","GREB1"
"TRDN-AS1",0,2.11096133258683,0.988,0.458,0,"0","TRDN-AS1"
"LINC02208",0,2.46421599653044,0.797,0.27,0,"0","LINC02208"
"THSD4",0,1.6807068032417,0.982,0.457,0,"0","THSD4"
"COL23A1",0,1.59463879364325,0.559,0.035,0,"0","COL23A1"
"COQ10A",0,1.13908899426102,0.562,0.038,0,"0","COQ10A"
"IP6K3",0,1.69798357305797,0.544,0.021,0,"0","IP6K3"
"AGBL4",0,1.6210424084652,0.589,0.066,0,"0","AGBL4"
"DNAAF3-AS1",0,1.30655848514797,0.546,0.024,0,"0","DNAAF3-AS1"
"MAPT",0,1.89109041231222,0.538,0.022,0,"0","MAPT"
"LINC02248",0,3.68226965575395,0.54,0.025,0,"0","LINC02248"
"ENSG00000286062",0,2.12911435005689,0.847,0.333,0,"0","ENSG00000286062"
"ATP2A2",0,1.47737917181134,0.97,0.456,0,"0","ATP2A2"
"SAMD4A",0,1.3257254680211,0.97,0.458,0,"0","SAMD4A"
"SVIL",0,2.04354729971121,0.985,0.475,0,"0","SVIL"
"SLC16A7",0,1.18584058863005,0.973,0.463,0,"0","SLC16A7"
"ALDH1L1",0,1.91881858993002,0.537,0.029,0,"0","ALDH1L1"
"PERM1",0,2.04955987225163,0.518,0.013,0,"0","PERM1"
"MLIP-AS1",0,1.900532104597,0.527,0.022,0,"0","MLIP-AS1"
"ANKRD1",0,2.54351042663057,0.93,0.427,0,"0","ANKRD1"
"ENSG00000289512",0,3.54015164397614,0.599,0.096,0,"0","ENSG00000289512"
"GATA6-AS1",0,1.29164433925931,0.53,0.027,0,"0","GATA6-AS1"
"LINC00923",0,1.37336073696113,0.594,0.092,0,"0","LINC00923"
"TNNT2",0,2.6012330231142,0.992,0.493,0,"0","TNNT2"
"CPNE4",0,1.55197102760739,0.523,0.024,0,"0","CPNE4"
"CCSER1",0,1.11143673029774,0.98,0.482,0,"0","CCSER1"
"ENSG00000251391",0,2.6834632260011,0.511,0.014,0,"0","ENSG00000251391"
"TOGARAM2",0,2.61187809556585,0.517,0.024,0,"0","TOGARAM2"
"RCAN2",0,1.1519861640434,0.982,0.49,0,"0","RCAN2"
"PCDHGA3",0,1.21536981589155,0.519,0.029,0,"0","PCDHGA3"
"FHIT",0,1.46277554526502,0.985,0.498,0,"0","FHIT"
"TNNI3K",0,1.20337189453452,0.982,0.498,0,"0","TNNI3K"
"ENSG00000286735",0,1.90892014719053,0.503,0.024,0,"0","ENSG00000286735"
"HRH2",0,1.22858948096325,0.502,0.025,0,"0","HRH2"
"HS6ST3",0,3.57825097600218,0.533,0.057,0,"0","HS6ST3"
"SLC2A4",0,1.28873161251595,0.5,0.024,0,"0","SLC2A4"
"CORO6",0,1.4470887971135,0.503,0.027,0,"0","CORO6"
"ERBB4",0,1.1398005172716,0.984,0.511,0,"0","ERBB4"
"ENSG00000287042",0,1.1419138543247,0.508,0.038,0,"0","ENSG00000287042"
"TECRL",0,1.37043943791661,0.986,0.517,0,"0","TECRL"
"NMRK2",0,1.40669466012603,0.511,0.043,0,"0","NMRK2"
"SNAP47",0,1.08300436136786,0.507,0.043,0,"0","SNAP47"
"UGT2B4",0,1.14265031960005,0.501,0.046,0,"0","UGT2B4"
"AKAP6",0,1.44169489680092,0.989,0.535,0,"0","AKAP6"
"FILIP1",0,1.29961904766685,0.981,0.538,0,"0","FILIP1"
"PDK4",0,1.9683309917503,0.982,0.545,0,"0","PDK4"
"CDH2",0,1.56286997841866,0.991,0.555,0,"0","CDH2"
"CACNB2",0,1.13546560955513,0.986,0.552,0,"0","CACNB2"
"MYOM1",0,2.38773466684446,0.993,0.574,0,"0","MYOM1"
"CMYA5",0,2.19490345388155,0.995,0.584,0,"0","CMYA5"
"AOPEP",0,1.20230831483847,0.98,0.577,0,"0","AOPEP"
"LARGE1",0,1.67738440881746,0.982,0.584,0,"0","LARGE1"
"CDIN1",0,1.13376095296424,0.989,0.593,0,"0","CDIN1"
"MYH7",0,1.10229771659644,0.988,0.601,0,"0","MYH7"
"SNHG14",0,1.05133047797813,0.979,0.593,0,"0","SNHG14"
"FHL2",0,2.03997777854631,0.995,0.639,0,"0","FHL2"
"MAP4",0,1.123593442332,0.978,0.629,0,"0","MAP4"
"MLIP",0,1.78461134962768,0.994,0.649,0,"0","MLIP"
"SGCD",0,1.61513025560276,0.994,0.65,0,"0","SGCD"
"DLG2",0,1.14074899393863,0.98,0.637,0,"0","DLG2"
"PALLD",0,2.04824429114403,0.996,0.682,0,"0","PALLD"
"PSD3",0,1.12177845124299,0.981,0.667,0,"0","PSD3"
"NEBL",0,1.69339624896123,0.996,0.689,0,"0","NEBL"
"PPP1R12B",0,1.37762830318803,0.992,0.707,0,"0","PPP1R12B"
"TPM1",0,1.11188235890824,0.994,0.722,0,"0","TPM1"
"CACNA1C",0,2.16966746408819,0.993,0.725,0,"0","CACNA1C"
"CTNNA3",0,1.52716582557147,0.997,0.741,0,"0","CTNNA3"
"MAST4",0,1.61361224787371,0.991,0.745,0,"0","MAST4"
"SORBS1",0,1.50818329243363,0.997,0.764,0,"0","SORBS1"
"FGF12",0,2.02805502547509,0.994,0.778,0,"0","FGF12"
"SORBS2",0,1.65482654763855,0.999,0.798,0,"0","SORBS2"
"RABGAP1L",0,1.0607565902835,0.991,0.793,0,"0","RABGAP1L"
"DST",0,1.02205784782415,0.994,0.819,0,"0","DST"
"ABLIM1",0,1.48884557245184,0.998,0.824,0,"0","ABLIM1"
"AKAP13",0,1.07312085550085,0.996,0.835,0,"0","AKAP13"
"PDLIM5",0,1.14539733490698,0.996,0.84,0,"0","PDLIM5"
"SLC8A1",0,1.48098279565577,0.998,0.872,0,"0","SLC8A1"
"DMD",0,1.67926306888269,0.996,0.892,0,"0","DMD"
"NEAT1",0,1.65986909240196,0.997,0.959,0,"0","NEAT1"
"RYR2",0,2.56391946999193,1,0.981,0,"0","RYR2"
"TTN",0,3.50884943104634,1,0.99,0,"0","TTN"
"PCDH7",1.25591487172845e-320,1.14491060888933,0.905,0.501,4.84858495379485e-316,"0","PCDH7"
"TALAM1",3.30130629305869e-213,1.00834949857417,0.993,0.904,1.27450230749824e-208,"0","TALAM1"
"ST6GALNAC3",0,5.96849702629833,0.893,0.095,0,"1","ST6GALNAC3"
"ANO2",0,6.56182036727841,0.85,0.053,0,"1","ANO2"
"VWF",0,6.68303776921098,0.832,0.056,0,"1","VWF"
"LDB2",0,5.55955491739469,0.948,0.198,0,"1","LDB2"
"FLT1",0,5.59144959356929,0.878,0.155,0,"1","FLT1"
"PLEKHG1",0,6.06199758466263,0.805,0.1,0,"1","PLEKHG1"
"MECOM",0,4.63159788984562,0.836,0.161,0,"1","MECOM"
"RASGRF2",0,5.53569306307491,0.698,0.051,0,"1","RASGRF2"
"BTNL9",0,6.05911807845167,0.665,0.038,0,"1","BTNL9"
"EMCN",0,5.76694423544215,0.675,0.052,0,"1","EMCN"
"PITPNC1",0,4.91809652997383,0.868,0.247,0,"1","PITPNC1"
"PTPRB",0,5.84969054391398,0.657,0.043,0,"1","PTPRB"
"SHANK3",0,5.8933172926105,0.683,0.08,0,"1","SHANK3"
"PLCB1",0,3.5299766869018,0.839,0.237,0,"1","PLCB1"
"ADGRL4",0,5.5259904143166,0.618,0.034,0,"1","ADGRL4"
"NEDD9",0,4.71539784904398,0.67,0.098,0,"1","NEDD9"
"ELMO1",0,2.66609699506837,0.78,0.22,0,"1","ELMO1"
"F8",0,6.07230921956149,0.643,0.087,0,"1","F8"
"FLI1",0,3.72245371641557,0.693,0.137,0,"1","FLI1"
"MCF2L",0,6.47678504906859,0.731,0.176,0,"1","MCF2L"
"EGFL7",0,5.69787993085449,0.542,0.019,0,"1","EGFL7"
"ADGRF5",0,4.61398828026426,0.593,0.07,0,"1","ADGRF5"
"PECAM1",0,4.75769494470897,0.566,0.052,0,"1","PECAM1"
"XAF1",0,4.27363555765072,0.593,0.084,0,"1","XAF1"
"RAPGEF5",0,3.74173121520776,0.641,0.134,0,"1","RAPGEF5"
"PRKCH",0,3.89453877489356,0.673,0.169,0,"1","PRKCH"
"ERG",0,5.78670229373224,0.521,0.022,0,"1","ERG"
"PLXDC2",0,2.12262561876908,0.824,0.329,0,"1","PLXDC2"
"ITGA1",0,3.51795855361929,0.684,0.197,0,"1","ITGA1"
"SEC14L1",0,4.810668959194,0.673,0.188,0,"1","SEC14L1"
"TEK",0,5.97674906736071,0.505,0.024,0,"1","TEK"
"GNAQ",0,2.29818314692805,0.657,0.212,0,"1","GNAQ"
"CCDC85A",0,5.05342300307182,0.593,0.15,0,"1","CCDC85A"
"PREX2",0,2.34806855430567,0.639,0.199,0,"1","PREX2"
"PLXNA2",0,4.48144883782663,0.654,0.227,0,"1","PLXNA2"
"TCF4",0,2.70146192073453,0.889,0.471,0,"1","TCF4"
"PIK3R3",0,5.2098264554975,0.788,0.385,0,"1","PIK3R3"
"MGLL",0,4.42357727381533,0.655,0.292,0,"1","MGLL"
"RAPGEF1",0,4.5895941664403,0.815,0.47,0,"1","RAPGEF1"
"CADPS2",0,3.32985125658671,0.725,0.406,0,"1","CADPS2"
"EPAS1",0,3.24498599253507,0.721,0.405,0,"1","EPAS1"
"TACC1",0,3.37751088101286,0.792,0.483,0,"1","TACC1"
"GALNT18",0,4.2941831695611,0.731,0.456,0,"1","GALNT18"
"LRMDA",0,2.42271205419893,0.86,0.622,0,"1","LRMDA"
"KIAA1217",0,2.99158319876327,0.822,0.653,0,"1","KIAA1217"
"SYNE2",0,3.07086483647578,0.804,0.636,0,"1","SYNE2"
"PTPRM",0,2.54078709253249,0.974,0.854,0,"1","PTPRM"
"SYNE1",0,3.91671237594094,0.855,0.758,0,"1","SYNE1"
"UTRN",0,1.98150654319731,0.882,0.803,0,"1","UTRN"
"GRB10",3.82406809881125e-321,3.86454913401756,0.683,0.391,1.47631973022707e-316,"1","GRB10"
"ABLIM3",7.03915393588427e-315,4.33490459051416,0.671,0.396,2.71753576848748e-310,"1","ABLIM3"
"SPTBN1",9.58823465282194e-311,1.84914433130492,0.89,0.837,3.70163387006844e-306,"1","SPTBN1"
"RFTN1",5.40021763918772e-310,3.08484764251664,0.624,0.261,2.08480802178481e-305,"1","RFTN1"
"ITGA6",4.55367287083984e-305,4.74792309888095,0.548,0.21,1.75799094851643e-300,"1","ITGA6"
"AFDN",3.64816408733482e-279,3.09618370129649,0.722,0.569,1.40841022755648e-274,"1","AFDN"
"DOCK1",3.62305041461206e-278,2.5209754324794,0.728,0.504,1.39871484306513e-273,"1","DOCK1"
"DOCK9",6.30553108925858e-275,3.29760749967091,0.657,0.379,2.43431333231917e-270,"1","DOCK9"
"TBCD",4.71235297913214e-267,4.20148564724261,0.625,0.367,1.81925099112375e-262,"1","TBCD"
"SASH1",1.80574768644652e-245,2.24893640640344,0.721,0.481,6.97126951829543e-241,"1","SASH1"
"DOCK4",8.84376601993869e-243,2.27980206402681,0.758,0.656,3.41422430965753e-238,"1","DOCK4"
"ARHGAP31",1.5014863180936e-202,2.6512464890297,0.671,0.546,5.79663807963214e-198,"1","ARHGAP31"
"EVA1C",6.77301004539615e-202,3.15775915552479,0.626,0.444,2.61478825812564e-197,"1","EVA1C"
"FRYL",1.63648330560361e-196,2.21591913108442,0.722,0.67,6.31780744961328e-192,"1","FRYL"
"FOXN3",2.17872564264892e-196,1.97284597003684,0.783,0.773,8.41118821601043e-192,"1","FOXN3"
"ASAP1",1.27952205999556e-195,1.70241421898502,0.79,0.763,4.93972286481887e-191,"1","ASAP1"
"ARL15",3.54930679239275e-191,2.52102825747958,0.798,0.775,1.37024538027114e-186,"1","ARL15"
"EPB41L2",3.65731458888494e-191,1.93706801564741,0.585,0.274,1.41194287018492e-186,"1","EPB41L2"
"ADAMTS9",6.80597072798212e-191,3.36334601524947,0.533,0.28,2.62751305924478e-186,"1","ADAMTS9"
"APBB2",3.20172413390817e-187,1.50514427736304,0.705,0.499,1.23605761913659e-182,"1","APBB2"
"CDK17",1.50080205634276e-180,3.11821339552523,0.591,0.405,5.79399641871685e-176,"1","CDK17"
"PTK2",9.93219934228513e-173,1.60780038622927,0.756,0.756,3.8344248780826e-168,"1","PTK2"
"STOM",2.26915345014316e-165,3.4941220800241,0.536,0.34,8.7602938096227e-161,"1","STOM"
"MEF2C",5.02794798808821e-163,1.63415959375623,0.746,0.693,1.94108960028133e-158,"1","MEF2C"
"AKT3",9.29669249197636e-155,1.03756744081804,0.655,0.325,3.58908110345239e-150,"1","AKT3"
"PTPRG",1.21924235876745e-154,1.52304613001288,0.855,0.851,4.7070070502576e-150,"1","PTPRG"
"RIN2",2.06997647226667e-153,1.9647399975252,0.709,0.684,7.9913511688327e-149,"1","RIN2"
"NKTR",5.453380299229e-149,1.99037613196818,0.684,0.657,2.10533199832035e-144,"1","NKTR"
"JMJD1C",2.53372316417264e-147,1.42221300713641,0.839,0.854,9.78169164760488e-143,"1","JMJD1C"
"MYO1E",8.58717530992825e-146,3.04659458060347,0.532,0.352,3.3151649001509e-141,"1","MYO1E"
"ARHGAP29",3.56133714943229e-145,2.52882126394345,0.602,0.456,1.37488981990983e-140,"1","ARHGAP29"
"EPB41L4A",1.64475589946977e-144,2.47867788013863,0.635,0.555,6.349744625493e-140,"1","EPB41L4A"
"ARGLU1",1.81597717980657e-143,1.43909720575087,0.749,0.758,7.01076150036126e-139,"1","ARGLU1"
"BMPR2",4.3261852650572e-142,2.19525695337347,0.669,0.638,1.67016708342798e-137,"1","BMPR2"
"PEAK1",1.37805281025142e-141,1.70411133898416,0.726,0.716,5.32011067925664e-137,"1","PEAK1"
"PTPN12",1.60542089705603e-141,2.27673990299736,0.617,0.487,6.19788791517451e-137,"1","PTPN12"
"RASAL2",5.63082100950449e-135,1.51367919423987,0.768,0.745,2.1738347589293e-130,"1","RASAL2"
"ENSG00000291214",2.36020083491041e-134,3.07859799775213,0.575,0.47,9.11179134325514e-130,"1","ENSG00000291214"
"RALGAPA2",3.79779536235899e-123,2.32534728368202,0.63,0.587,1.46617687759231e-118,"1","RALGAPA2"
"WWTR1",2.06758545374387e-122,2.77422446921971,0.624,0.567,7.98212040272359e-118,"1","WWTR1"
"FBXL7",4.5082669954316e-121,1.10041608437936,0.856,0.826,1.74046155625632e-116,"1","FBXL7"
"CYTH1",6.62792051027129e-118,3.00609503256028,0.558,0.451,2.55877499219534e-113,"1","CYTH1"
"LDLRAD4",4.41722051822563e-113,1.19140111529692,0.739,0.67,1.70531215326619e-108,"1","LDLRAD4"
"NCALD",5.53365641290626e-112,1.85622820112766,0.541,0.359,2.13632339476659e-107,"1","NCALD"
"TMTC1",8.16547160277023e-107,2.67655587420071,0.627,0.605,3.15236196696547e-102,"1","TMTC1"
"KALRN",2.15122195820098e-103,1.62603410785184,0.706,0.682,8.3050074918307e-99,"1","KALRN"
"APP",3.7552186448012e-103,2.40981296931416,0.593,0.55,1.44973971001195e-98,"1","APP"
"CCNY",1.57731240848588e-102,2.22229993533254,0.641,0.645,6.08937228420057e-98,"1","CCNY"
"PDE10A",7.85922485970397e-99,2.05869156689769,0.593,0.514,3.03413234933731e-94,"1","PDE10A"
"RAPGEF2",3.01224412288593e-94,1.24445401630441,0.739,0.778,1.16290696608134e-89,"1","RAPGEF2"
"GFOD1",7.10287573898029e-94,2.79946340834108,0.534,0.468,2.74213620779073e-89,"1","GFOD1"
"NRP1",6.2670955819222e-92,1.25102903408873,0.745,0.731,2.41947492035689e-87,"1","NRP1"
"PDLIM1",2.6166157226598e-91,3.47518053489888,0.508,0.434,1.01017066589004e-86,"1","PDLIM1"
"RPS6KA2",3.49362371250827e-87,2.23619520769849,0.584,0.558,1.34874837045094e-82,"1","RPS6KA2"
"PKP4",6.04547966914259e-82,2.17554769386125,0.568,0.538,2.33391788106919e-77,"1","PKP4"
"PHACTR2",1.00474675181559e-80,2.06887758750348,0.586,0.572,3.87892531005927e-76,"1","PHACTR2"
"WNK1",3.48686846293086e-78,1.60121272380436,0.657,0.688,1.34614043879909e-73,"1","WNK1"
"CLIC5",9.30028011302341e-78,2.16723541894564,0.605,0.576,3.59046614043382e-73,"1","CLIC5"
"TRIO",2.37432024877362e-76,1.10651533463522,0.724,0.76,9.16630075241544e-72,"1","TRIO"
"KMT2E",2.64525635368165e-73,1.38057712245912,0.68,0.742,1.02122766790234e-68,"1","KMT2E"
"UACA",1.58764877851052e-72,1.83611103058517,0.598,0.623,6.12927687431773e-68,"1","UACA"
"SP100",1.6159245758623e-71,1.96641283372159,0.511,0.426,6.23843841757399e-67,"1","SP100"
"PICALM",4.88993138866616e-71,1.5208302277962,0.638,0.685,1.88780691190846e-66,"1","PICALM"
"HIPK2",1.72843396316799e-70,1.69620587917264,0.636,0.665,6.67279215820634e-66,"1","HIPK2"
"DLEU2",1.80439282360064e-70,1.27703967738249,0.64,0.65,6.96603893479262e-66,"1","DLEU2"
"ITPR2",1.51332610848119e-66,1.37210429384127,0.627,0.645,5.84234677440249e-62,"1","ITPR2"
"TIMP3",3.23276025476871e-66,2.81546515729567,0.537,0.498,1.24803942395601e-61,"1","TIMP3"
"TSPAN9",8.1560465954528e-65,1.68828281013636,0.579,0.56,3.14872334864051e-60,"1","TSPAN9"
"ESYT2",4.20727749026485e-63,1.87576501404475,0.598,0.638,1.62426154789165e-58,"1","ESYT2"
"MEF2A",5.15685610350723e-62,1.0306757914864,0.789,0.798,1.99085586732e-57,"1","MEF2A"
"AUTS2",7.1467055946976e-62,1.20485247431,0.7,0.751,2.75905716188896e-57,"1","AUTS2"
"CTNND1",1.73517650509819e-61,1.71208552345478,0.562,0.571,6.69882241558209e-57,"1","CTNND1"
"MYH9",3.57102597092331e-61,2.11064028060168,0.563,0.571,1.37863028633465e-56,"1","MYH9"
"STOX2",1.46948549675367e-59,2.08547652562605,0.55,0.548,5.67309570876722e-55,"1","STOX2"
"TTC28",1.99730097064858e-59,1.2259053565413,0.663,0.716,7.71078012728593e-55,"1","TTC28"
"FCHSD2",9.84478454077298e-54,1.00860778303651,0.688,0.745,3.80067751981082e-49,"1","FCHSD2"
"NFIB",2.05996595122829e-50,1.11389312511615,0.745,0.814,7.95270455131194e-46,"1","NFIB"
"TBC1D22A",3.2308165369485e-50,1.56681221710915,0.552,0.57,1.24728903225434e-45,"1","TBC1D22A"
"PALM2AKAP2",1.44381658949792e-49,1.3043608207509,0.663,0.713,5.57399832541568e-45,"1","PALM2AKAP2"
"NAV1",7.05687370845586e-49,1.09613626837359,0.659,0.689,2.72437666388647e-44,"1","NAV1"
"KLF12",1.96403794828643e-48,1.06821632711201,0.715,0.791,7.58236490315459e-44,"1","KLF12"
"CEP112",4.06089034512957e-46,1.69223329616549,0.535,0.545,1.56774732664072e-41,"1","CEP112"
"SPAG9",2.15350770518873e-43,1.66509831368638,0.561,0.614,8.31383184665161e-39,"1","SPAG9"
"MCC",1.67776773618646e-40,1.83226253440471,0.546,0.599,6.47719012232145e-36,"1","MCC"
"FRMD4A",1.46108432570407e-36,1.08968034618688,0.503,0.487,5.64066214781313e-32,"1","FRMD4A"
"PPP3CA",2.10389150273889e-36,1.58820864236998,0.521,0.533,8.12228353547375e-32,"1","PPP3CA"
"NCOA3",8.34631172501286e-35,2.11444440382033,0.524,0.598,3.22217710455847e-30,"1","NCOA3"
"EXT1",2.04229479265055e-33,1.1772814573694,0.607,0.656,7.88448327650672e-29,"1","EXT1"
"PRKCE",1.70302044144079e-31,1.4271228672695,0.569,0.642,6.57468071622632e-27,"1","PRKCE"
"COBLL1",4.29784138212063e-31,1.26298323167149,0.515,0.525,1.65922464398149e-26,"1","COBLL1"
"ZSWIM6",8.98723824034328e-26,1.25449325183265,0.54,0.611,3.46961319506692e-21,"1","ZSWIM6"
"CRIM1",1.44753917688349e-25,1.59794204734975,0.501,0.528,5.58836974627638e-21,"1","CRIM1"
"EIF4G3",2.49979904235364e-25,1.08715622252319,0.578,0.672,9.65072418291045e-21,"1","EIF4G3"
"HERC1",3.27278037700179e-25,1.17692435250595,0.601,0.717,1.26348959234531e-20,"1","HERC1"
"PPFIBP1",1.24111424961186e-20,1.16013881397996,0.683,0.76,4.79144567205154e-16,"1","PPFIBP1"
"VTI1A",2.75506285562454e-20,1.09087737564979,0.552,0.659,1.06361956604241e-15,"1","VTI1A"
"KAT6A",1.30339281042495e-19,1.28855837774811,0.516,0.607,5.03187828392655e-15,"1","KAT6A"
"RB1",1.26975935671032e-17,1.27103655633443,0.519,0.612,4.90203297251587e-13,"1","RB1"
"ARHGEF7",1.35452626810064e-16,1.70210420670167,0.494,0.579,5.22928411062935e-12,"1","ARHGEF7"
"PLPP1",1.77406149266787e-16,1.97811865027412,0.499,0.587,6.84894179859357e-12,"1","PLPP1"
"LRCH1",2.84270764912425e-15,1.55835610627299,0.471,0.56,1.09745571502091e-10,"1","LRCH1"
"SMARCA2",4.95488085073756e-15,1.36953631887683,0.497,0.596,1.91288130123574e-10,"1","SMARCA2"
"ICA1",1.1568465743695e-14,1.40555581873801,0.468,0.537,4.46612188501088e-10,"1","ICA1"
"ETV6",1.41394566320612e-14,1.08262086494378,0.532,0.634,5.45867862737356e-10,"1","ETV6"
"ACTN4",2.0822080595287e-14,1.41759265779194,0.487,0.556,8.03857243461651e-10,"1","ACTN4"
"HIF3A",1.10648026948111e-13,1.46077408503373,0.471,0.559,4.27167772835878e-09,"1","HIF3A"
"CDK6",3.09640643250452e-13,1.05784833191995,0.534,0.62,1.19539866733269e-08,"1","CDK6"
"UVRAG",3.34431513277768e-11,1.1995505601021,0.49,0.601,1.29110630016015e-06,"1","UVRAG"
"NLK",6.21025848402739e-11,1.6253977375052,0.434,0.508,2.39753239034361e-06,"1","NLK"
"RNF213",7.22225844845623e-11,1.22416041465045,0.451,0.515,2.78822509661101e-06,"1","RNF213"
"PKIG",5.23246267794762e-10,1.25147134734635,0.303,0.504,2.02004454144846e-05,"1","PKIG"
"STAT3",6.87685614974879e-10,1.07552478843692,0.498,0.601,2.65487908517202e-05,"1","STAT3"
"UBR1",3.37430909630268e-09,1.45389215791677,0.465,0.581,0.000130268576971861,"1","UBR1"
"ITSN2",3.48245165226755e-08,1.1191511707289,0.495,0.622,0.00134443528487441,"1","ITSN2"
"UBE2D3",6.9484457597961e-08,1.14830655319868,0.491,0.625,0.00268251697002688,"1","UBE2D3"
"INSR",1.4980008330997e-07,1.10796333531098,0.448,0.691,0.0057831820162647,"1","INSR"
"LIFR",7.02033933216675e-07,2.26285444513082,0.32,0.524,0.027102722025763,"1","LIFR"
"DNAJC1",8.33613826735836e-07,1.26508361314781,0.45,0.557,0.0321824953949637,"1","DNAJC1"
"ARID4B",2.17166355661097e-06,1.08251344880303,0.49,0.628,0.0838392432665232,"1","ARID4B"
"ENSG00000291015",1.77053188524869e-05,1.12520268002609,0.478,0.602,0.683531539619109,"1","ENSG00000291015"
"REEP3",0.000102122752647592,1.62143211448423,0.414,0.525,1,"1","REEP3"
"FERMT2",0.000677387766554029,1.21880769563872,0.426,0.545,1,"1","FERMT2"
"SEC24B",0.000910057190640297,1.03688874316508,0.339,0.511,1,"1","SEC24B"
"MECP2",0.000957935081906731,1.30667495680752,0.333,0.507,1,"1","MECP2"
"TRIP12",0.00166395489966238,1.06666167748457,0.455,0.602,1,"1","TRIP12"
"PDS5B",0.00284731967340617,1.29428604528282,0.4,0.505,1,"1","PDS5B"
"ATP2B4",0.0029706017358326,1.30670036770268,0.422,0.542,1,"1","ATP2B4"
"CLIC4",0.00365684023708231,1.31559119704336,0.415,0.533,1,"1","CLIC4"
"RASGRP3",0.00640384670630074,1.05771869021805,0.369,0.536,1,"1","RASGRP3"
"MIRLET7BHG",0.0066035960770724,1.32058127778112,0.338,0.5,1,"1","MIRLET7BHG"
"HIVEP2",0.00778862040892778,1.47582491611854,0.449,0.605,1,"1","HIVEP2"
"NEGR1",0,6.0943548921763,0.918,0.109,0,"2","NEGR1"
"BICC1",0,6.21389522918192,0.857,0.051,0,"2","BICC1"
"ABCA6",0,6.11566272070754,0.904,0.121,0,"2","ABCA6"
"ACSM3",0,8.42898022795245,0.832,0.065,0,"2","ACSM3"
"ABCA9",0,6.05756703495995,0.829,0.09,0,"2","ABCA9"
"SCN7A",0,4.23586779996888,0.846,0.139,0,"2","SCN7A"
"MEG3",0,7.05639296082651,0.718,0.013,0,"2","MEG3"
"CDH19",0,4.77838254882321,0.774,0.072,0,"2","CDH19"
"ABCA10",0,5.98532666253712,0.839,0.155,0,"2","ABCA10"
"COL8A1",0,4.78245661452212,0.758,0.079,0,"2","COL8A1"
"COL6A3",0,6.42184427834298,0.712,0.041,0,"2","COL6A3"
"PID1",0,5.43374063994512,0.765,0.104,0,"2","PID1"
"DCN",0,6.10267639273661,0.764,0.118,0,"2","DCN"
"FBN1",0,5.06221332440768,0.734,0.092,0,"2","FBN1"
"EBF2",0,2.26381326149601,0.76,0.133,0,"2","EBF2"
"BNC2",0,4.43312871694367,0.671,0.047,0,"2","BNC2"
"GLIS3",0,4.25070412844096,0.685,0.081,0,"2","GLIS3"
"C7",0,5.66334520725159,0.656,0.065,0,"2","C7"
"EGFR",0,3.64715517767407,0.736,0.16,0,"2","EGFR"
"COL15A1",0,4.35580633515185,0.655,0.086,0,"2","COL15A1"
"LAMB1",0,4.27873415011307,0.721,0.158,0,"2","LAMB1"
"FOXP2",0,4.00113274899365,0.772,0.21,0,"2","FOXP2"
"ROBO1",0,3.69337803015892,0.623,0.069,0,"2","ROBO1"
"PDGFRA",0,5.94546683622773,0.57,0.016,0,"2","PDGFRA"
"ADGRB3",0,2.36616406495914,0.716,0.162,0,"2","ADGRB3"
"SVEP1",0,5.41491454198918,0.582,0.031,0,"2","SVEP1"
"ENSG00000286481",0,5.47678091888287,0.594,0.047,0,"2","ENSG00000286481"
"SLIT2",0,5.1721384303953,0.655,0.109,0,"2","SLIT2"
"MAMDC2",0,4.99423985648629,0.648,0.11,0,"2","MAMDC2"
"VIT",0,7.42963219956855,0.546,0.009,0,"2","VIT"
"NOX4",0,5.1924647366336,0.565,0.032,0,"2","NOX4"
"TFPI",0,2.38336222677757,0.667,0.139,0,"2","TFPI"
"COL5A2",0,3.62088642720212,0.601,0.082,0,"2","COL5A2"
"ENSG00000225096",0,5.96090290432281,0.544,0.031,0,"2","ENSG00000225096"
"ADAMTSL3",0,2.88315302703903,0.65,0.144,0,"2","ADAMTSL3"
"LPAR1",0,4.44705242654804,0.526,0.024,0,"2","LPAR1"
"SMOC2",0,5.10849312800191,0.553,0.06,0,"2","SMOC2"
"COL4A4",0,4.24655385432201,0.58,0.089,0,"2","COL4A4"
"PDGFD",0,4.64389936229906,0.635,0.158,0,"2","PDGFD"
"ANKS1B",0,3.37724149613871,0.518,0.047,0,"2","ANKS1B"
"NOVA1",0,5.47937208187697,0.5,0.041,0,"2","NOVA1"
"ABCA8",0,5.17028882967675,0.878,0.424,0,"2","ABCA8"
"NCAM2",0,2.6764429832592,0.533,0.086,0,"2","NCAM2"
"FMO2",9.88131291682493e-323,2.82948466645096,0.543,0.091,3.81477966466943e-318,"2","FMO2"
"LAMA2",1.77863632502849e-322,2.3425607526049,0.995,0.923,6.86660339640498e-318,"2","LAMA2"
"UNC5C",2.17388884170148e-322,1.99820426689316,0.607,0.111,8.39251526227275e-318,"2","UNC5C"
"RORA",5.17056506486136e-315,3.15533090015119,0.912,0.663,1.99614834894038e-310,"2","RORA"
"SLC9A9",1.72182997918933e-314,1.89022598753206,0.588,0.114,6.64729681765832e-310,"2","SLC9A9"
"LINC01088",5.38753766255928e-313,5.70041063183662,0.512,0.101,2.07991279000764e-308,"2","LINC01088"
"DCLK1",7.37680946258566e-301,3.40622489301337,0.581,0.13,2.84789106112582e-296,"2","DCLK1"
"GAS7",3.36899687111444e-289,3.35024714629755,0.729,0.289,1.30063493206244e-284,"2","GAS7"
"SNTB1",1.25054655021726e-279,2.56808679476432,0.542,0.106,4.82786001176876e-275,"2","SNTB1"
"ABI3BP",1.54627323685279e-278,5.20656592495909,0.559,0.148,5.96954245819388e-274,"2","ABI3BP"
"MAPK10",1.41026751107692e-275,3.46679731000806,0.519,0.112,5.44447875326354e-271,"2","MAPK10"
"MSC-AS1",3.74785821933822e-271,1.81802446470729,0.528,0.096,1.44689814415771e-266,"2","MSC-AS1"
"SPATA6",2.86329649063922e-267,3.25253272876306,0.723,0.311,1.10540424317618e-262,"2","SPATA6"
"LAMC1",8.36275318157203e-255,3.70971575665333,0.766,0.439,3.2285244932777e-250,"2","LAMC1"
"EBF1",2.5973838036964e-252,2.06284530734124,0.841,0.338,1.00274599125503e-247,"2","EBF1"
"TRPS1",1.12349206083008e-251,2.3655349405199,0.718,0.279,4.3373534500406e-247,"2","TRPS1"
"CARMIL1",3.86844857303246e-240,3.10462635729149,0.617,0.211,1.49345325610491e-235,"2","CARMIL1"
"RBMS3",1.11849985313554e-237,1.83344538796203,0.949,0.847,4.31808053301508e-233,"2","RBMS3"
"MAML2",3.3427197774879e-204,2.00778873003395,0.771,0.355,1.29049039729698e-199,"2","MAML2"
"TSHZ2",3.97049342071145e-204,1.41830540240239,0.501,0.115,1.53284868999986e-199,"2","TSHZ2"
"COL6A1",4.74030232487034e-201,3.33087615437185,0.596,0.236,1.83004111553944e-196,"2","COL6A1"
"AKT31",2.1893341080214e-180,1.52635697687046,0.791,0.352,8.4521432574274e-176,"2","AKT3"
"MIR99AHG",9.75520874376489e-174,1.70617812314902,0.884,0.7,3.76609588761788e-169,"2","MIR99AHG"
"CELF2",2.7174737357454e-168,1.96143666376877,0.879,0.746,1.04910791042187e-163,"2","CELF2"
"GRK5",3.03595356394139e-165,2.36269782286569,0.779,0.535,1.17206023289521e-160,"2","GRK5"
"FNDC3B",3.18261458639644e-158,1.61995004284779,0.884,0.787,1.22868018722421e-153,"2","FNDC3B"
"SPARCL1",6.20719614241097e-158,1.64367427230314,0.692,0.315,2.39635014273918e-153,"2","SPARCL1"
"PLA2G5",8.68993082757617e-158,1.25822179177604,0.644,0.296,3.35483469529406e-153,"2","PLA2G5"
"DYNC2H1",2.75909637196943e-154,2.81629608770058,0.507,0.192,1.06517674536252e-149,"2","DYNC2H1"
"NID1",8.17218611473407e-145,3.19535440413031,0.643,0.403,3.15495417145424e-140,"2","NID1"
"SSBP2",7.0074116429616e-142,1.93186328909912,0.785,0.64,2.70528133888176e-137,"2","SSBP2"
"PLAGL1",2.50507183033566e-139,2.2658138128858,0.508,0.187,9.67108030819384e-135,"2","PLAGL1"
"PCSK6",1.91840187160507e-138,4.34173464172749,0.546,0.281,7.40618226551854e-134,"2","PCSK6"
"TGFBR3",8.32802192045138e-138,3.15867182297302,0.664,0.459,3.21511614260946e-133,"2","TGFBR3"
"BNIP3L",1.19132288640417e-135,2.87673178485076,0.587,0.317,4.59922113525194e-131,"2","BNIP3L"
"GSN",1.2126496558468e-132,2.59481634196997,0.701,0.503,4.68155526136214e-128,"2","GSN"
"CEBPD",1.79201926958785e-131,2.84365735458583,0.561,0.278,6.91826959217085e-127,"2","CEBPD"
"CHD9",8.17484997204988e-126,1.49056122876481,0.82,0.736,3.15598258020958e-121,"2","CHD9"
"COL4A1",2.89750537141401e-120,2.3751028264033,0.704,0.534,1.11861092368809e-115,"2","COL4A1"
"DDR2",1.21287352357733e-117,2.91450525422374,0.537,0.279,4.68241952512266e-113,"2","DDR2"
"COL4A2",1.76453115562321e-116,2.13360770459518,0.741,0.626,6.81214897939895e-112,"2","COL4A2"
"SOBP",5.42071116614319e-116,2.25527340718704,0.684,0.497,2.09271975280124e-111,"2","SOBP"
"ANKRD44",1.30812302132196e-114,1.66004999241323,0.542,0.248,5.05013973611557e-110,"2","ANKRD44"
"NFIA",1.07922090658137e-113,1.17420823232448,0.914,0.845,4.16644023194803e-109,"2","NFIA"
"FTX",1.37728652044894e-111,1.08961778633002,0.939,0.887,5.31715234084518e-107,"2","FTX"
"RBMS1",2.69490952782178e-110,1.39144538413594,0.851,0.766,1.04039677231088e-105,"2","RBMS1"
"ARHGAP24",6.21919938796065e-109,1.61899346952729,0.811,0.666,2.40098411571609e-104,"2","ARHGAP24"
"SESTD1",7.64352690659563e-108,2.44509302897164,0.593,0.376,2.95085999756031e-103,"2","SESTD1"
"ADGRD1",1.77793943836087e-105,2.96837880766064,0.582,0.388,6.86391299573599e-101,"2","ADGRD1"
"ZEB1",2.53144578439678e-104,1.18076547889362,0.843,0.752,9.77289959524219e-100,"2","ZEB1"
"RTN4",1.03771728268002e-102,1.4653535274325,0.55,0.255,4.0062113415145e-98,"2","RTN4"
"ARHGAP21",4.07394347412572e-101,1.73977611282499,0.713,0.561,1.57278661762098e-96,"2","ARHGAP21"
"NAALADL2",4.59158863593058e-100,2.00776945450871,0.723,0.549,1.77262870878736e-95,"2","NAALADL2"
"BCL6",3.70948829217213e-92,2.53621010696962,0.517,0.299,1.43208505007597e-87,"2","BCL6"
"JAK1",6.71113784069141e-85,1.33152610766785,0.794,0.72,2.59090187477732e-80,"2","JAK1"
"PHLDB1",9.81988744566075e-84,2.10470278405371,0.543,0.336,3.79106574727179e-79,"2","PHLDB1"
"EHBP1",5.10166928179142e-79,1.67508525366319,0.638,0.496,1.9695504429284e-74,"2","EHBP1"
"PBX1",6.32399000019091e-77,1.41782513821375,0.838,0.724,2.4414395794737e-72,"2","PBX1"
"RHOBTB3",4.31257213796337e-70,2.11785145841048,0.624,0.5,1.66491159958214e-65,"2","RHOBTB3"
"STARD9",1.36714429948501e-69,1.91228304700408,0.536,0.352,5.27799728259184e-65,"2","STARD9"
"TBX20",2.92229727631305e-69,2.40009390127671,0.615,0.465,1.12818208649342e-64,"2","TBX20"
"ECHDC2",3.98523848589458e-64,1.84630437932196,0.573,0.431,1.53854116986446e-59,"2","ECHDC2"
"FOXO1",5.11580787608663e-63,1.79266831566639,0.631,0.524,1.97500878864201e-58,"2","FOXO1"
"FBXL71",6.82449000192541e-63,1.07778313510925,0.87,0.828,2.63466261014332e-58,"2","FBXL7"
"TCF7L2",1.6920964877377e-62,1.44238873932336,0.653,0.54,6.53250770056018e-58,"2","TCF7L2"
"ARHGAP32",1.94970471411128e-62,1.92554509073996,0.508,0.345,7.52703001929799e-58,"2","ARHGAP32"
"SH3D19",2.10859532252957e-62,1.28321453318616,0.785,0.684,8.14044310215766e-58,"2","SH3D19"
"GAB2",5.10255713549998e-62,1.64969412600102,0.593,0.445,1.96989320773112e-57,"2","GAB2"
"ITPR1",2.40494325872074e-61,1.57375091850985,0.517,0.32,9.28452394461728e-57,"2","ITPR1"
"PLD1",8.82442495892708e-59,1.45384002902207,0.698,0.587,3.40675749964339e-54,"2","PLD1"
"PKD2",8.34037507317374e-58,1.78423378305317,0.554,0.427,3.21988520074945e-53,"2","PKD2"
"ADD3",9.22738104915626e-58,1.36184209664677,0.676,0.593,3.56232272783727e-53,"2","ADD3"
"ZBTB16",4.17316714313042e-55,1.63147597061838,0.703,0.687,1.61109290727693e-50,"2","ZBTB16"
"SMAD3",7.0028106999888e-55,1.77686310247834,0.534,0.396,2.70350509883768e-50,"2","SMAD3"
"PRR16",1.03533514287031e-54,2.31113683543557,0.603,0.509,3.9970148525651e-50,"2","PRR16"
"ZNF521",3.66706252876094e-54,1.70082195333567,0.578,0.468,1.41570615985345e-49,"2","ZNF521"
"FOXO3",1.27161154373647e-51,1.28598558398265,0.714,0.647,4.90918352574901e-47,"2","FOXO3"
"AHI1",1.51388452234677e-51,1.31463116488189,0.671,0.56,5.84450258697195e-47,"2","AHI1"
"TANK",2.36789357395887e-51,1.7548366599142,0.55,0.445,9.14148993162562e-47,"2","TANK"
"ANTXR2",2.7891879654764e-50,1.7898507876846,0.532,0.413,1.07679390595182e-45,"2","ANTXR2"
"UGGT2",2.39581226225842e-48,1.57969150330905,0.574,0.468,9.24927281967484e-44,"2","UGGT2"
"ABL1",1.5921948751643e-47,1.41447777014713,0.605,0.512,6.1468275350593e-43,"2","ABL1"
"FYN",3.88720087592193e-47,1.01123642056933,0.615,0.491,1.50069277015842e-42,"2","FYN"
"MIR100HG",4.72252970820134e-47,2.03020059173637,0.504,0.389,1.82317981914821e-42,"2","MIR100HG"
"STK3",6.8353760976803e-47,1.15213774665573,0.698,0.657,2.63886529627046e-42,"2","STK3"
"SMC5",1.22327528557549e-46,1.27058667580167,0.638,0.579,4.72257656749273e-42,"2","SMC5"
"FAM110B",9.9672236235075e-45,1.68372194620677,0.591,0.494,3.84794635209131e-40,"2","FAM110B"
"MTUS1",1.07034215972147e-44,1.15306440460863,0.73,0.658,4.13216294182072e-40,"2","MTUS1"
"OPHN1",7.909847173642e-42,1.83805890089202,0.501,0.39,3.05367559985623e-37,"2","OPHN1"
"PHF3",8.31950601052947e-42,1.28808830110915,0.598,0.527,3.21182849042501e-37,"2","PHF3"
"FKBP5",5.57994249841108e-41,1.02934730161686,0.61,0.534,2.15419260093658e-36,"2","FKBP5"
"LTBP1",7.76458208779849e-41,1.02134124539616,0.746,0.623,2.99759456081549e-36,"2","LTBP1"
"IGFBP7",8.96390404624923e-41,1.56184620246962,0.589,0.512,3.46060479609498e-36,"2","IGFBP7"
"BCL2",1.83573127047413e-37,1.60345832748587,0.513,0.413,7.08702414279244e-33,"2","BCL2"
"SNX9",1.76343411618774e-35,1.29193144696084,0.561,0.486,6.80791374895439e-31,"2","SNX9"
"AGAP1",3.32047557264629e-35,1.04302446021795,0.677,0.655,1.28190279957583e-30,"2","AGAP1"
"SLC2A13",5.03673502161957e-35,2.12443913900313,0.532,0.469,1.94448192244645e-30,"2","SLC2A13"
"CPQ",1.93664955885418e-34,1.20575249615192,0.584,0.517,7.47662928691246e-30,"2","CPQ"
"NFE2L2",3.53274906718549e-34,1.11887726017283,0.57,0.492,1.36385310487763e-29,"2","NFE2L2"
"MPHOSPH8",9.41635429275126e-33,1.18737149994275,0.585,0.526,3.63527773825955e-28,"2","MPHOSPH8"
"DOCK5",8.05470157745544e-31,1.32454337191845,0.589,0.523,3.10959809099245e-26,"2","DOCK5"
"OSBPL9",2.4913539242009e-29,1.21521240491536,0.649,0.599,9.61812095977e-25,"2","OSBPL9"
"MYCBP2",8.01475528078073e-29,1.00718133038384,0.647,0.633,3.09417642369821e-24,"2","MYCBP2"
"RHOQ",1.42974796735423e-28,1.4088769445647,0.559,0.508,5.51968500276775e-24,"2","RHOQ"
"CCNH",6.97122773288535e-26,1.04697281497374,0.641,0.639,2.69131217855772e-21,"2","CCNH"
"AEBP2",3.50478543105906e-25,1.25870872967461,0.528,0.477,1.35305746351466e-20,"2","AEBP2"
"HSPG2",6.19226684115652e-24,1.04462225906031,0.503,0.441,2.39058653669689e-19,"2","HSPG2"
"TPCN1",1.68268018619558e-22,1.17900896017064,0.548,0.506,6.49615512682667e-18,"2","TPCN1"
"WWOX",5.1724119871483e-19,1.03298648759578,0.627,0.622,1.99686137175847e-14,"2","WWOX"
"CCNL2",7.50639504528882e-19,1.0365121162695,0.506,0.477,2.8979188711842e-14,"2","CCNL2"
"CDK8",6.182764534157e-14,1.39299420827635,0.502,0.512,2.38691807605665e-09,"2","CDK8"
"USP53",2.89823203675621e-09,1.08868644987738,0.566,0.574,0.00011188914601101,"2","USP53"
"GUCY1A2",0,6.48728847138891,0.837,0.068,0,"3","GUCY1A2"
"EGFLAM",0,7.24405314653536,0.765,0.027,0,"3","EGFLAM"
"NR2F2-AS1",0,5.16698786848785,0.812,0.084,0,"3","NR2F2-AS1"
"EPS8",0,4.86006583646309,0.891,0.222,0,"3","EPS8"
"ADGRB31",0,2.74399989467799,0.788,0.16,0,"3","ADGRB3"
"CLMN",0,4.15268181385277,0.731,0.11,0,"3","CLMN"
"NFASC",0,5.48617772732953,0.688,0.07,0,"3","NFASC"
"MYO1B",0,4.95625078443114,0.723,0.126,0,"3","MYO1B"
"EBF21",0,3.24312641632701,0.736,0.144,0,"3","EBF2"
"RGS5",0,5.22824059184853,0.692,0.118,0,"3","RGS5"
"PDGFRB",0,4.81902671465289,0.617,0.068,0,"3","PDGFRB"
"SOX5",0,4.28658720681736,0.793,0.269,0,"3","SOX5"
"MSC-AS11",0,3.75249080011152,0.599,0.093,0,"3","MSC-AS1"
"SPECC1",0,3.78880466929791,0.605,0.101,0,"3","SPECC1"
"BMP5",0,6.24820918860706,0.52,0.022,0,"3","BMP5"
"UNC5C1",0,3.48277229374828,0.611,0.117,0,"3","UNC5C"
"PLA2G51",0,4.25367810337235,0.773,0.285,0,"3","PLA2G5"
"RIPOR3",0,4.53783464761861,0.518,0.065,0,"3","RIPOR3"
"DLC1",0,4.85605294796778,0.994,0.765,0,"3","DLC1"
"PRKG1",0,2.43659589152765,0.992,0.842,0,"3","PRKG1"
"ARHGAP6",2.07507571253324e-322,2.96527927341765,0.65,0.143,8.01103729580581e-318,"3","ARHGAP6"
"FRMD3",3.31303623869181e-318,4.32029090366208,0.791,0.338,1.27903077030936e-313,"3","FRMD3"
"CARMN",6.62161540150315e-304,5.39822738327815,0.683,0.231,2.55634084190431e-299,"3","CARMN"
"EBF11",3.61717197866724e-272,2.08898866299424,0.863,0.342,1.39644541408428e-267,"3","EBF1"
"LHFPL6",2.38559339705914e-253,2.70051071457129,0.937,0.787,9.20982186868652e-249,"3","LHFPL6"
"ARHGAP10",5.12518421607096e-245,3.05875888586361,0.869,0.65,1.97862861845635e-240,"3","ARHGAP10"
"RNF152",1.13170739252918e-232,3.86921428003113,0.559,0.156,4.36906955959816e-228,"3","RNF152"
"RBMS31",5.66931207982655e-231,1.85668238446903,0.955,0.848,2.18869462153784e-226,"3","RBMS3"
"PARD3",7.65691828397535e-230,2.65742129390237,0.869,0.664,2.95602987271152e-225,"3","PARD3"
"PDE1A",3.97826925078655e-223,3.05624820807112,0.638,0.22,1.53585062695865e-218,"3","PDE1A"
"ABCC9",9.8026193982623e-210,3.58147796527256,0.771,0.531,3.78439924489314e-205,"3","ABCC9"
"DACH1",1.2236318615137e-204,2.12956448828488,0.599,0.174,4.72395316455978e-200,"3","DACH1"
"APBB21",2.07493765186719e-201,2.33405820364129,0.827,0.515,8.01050429879847e-197,"3","APBB2"
"GUCY1A1",2.03883952545829e-180,3.9534567778935,0.638,0.322,7.87114387198426e-176,"3","GUCY1A1"
"CALD1",1.22788304700419e-165,1.89536329743349,0.886,0.769,4.74036529126439e-161,"3","CALD1"
"MAML21",2.33584987553849e-161,1.87292891795749,0.741,0.364,9.01778202950389e-157,"3","MAML2"
"TFPI1",2.81214992412588e-159,2.33241865069854,0.517,0.164,1.08565859970804e-154,"3","TFPI"
"ADAMTSL31",2.33118353371877e-157,2.16202973610861,0.522,0.166,8.99976715027469e-153,"3","ADAMTSL3"
"ADAMTS9-AS2",3.03675676606189e-156,2.56479150543673,0.743,0.475,1.17237031710585e-151,"3","ADAMTS9-AS2"
"PLCB4",3.80190041232954e-147,1.97476327044338,0.808,0.66,1.46776167318394e-142,"3","PLCB4"
"PLCL1",1.24224558276335e-136,1.74168627688087,0.928,0.743,4.7958132968162e-132,"3","PLCL1"
"SPARCL11",9.49978188410134e-130,1.86469747599568,0.671,0.322,3.66748579417616e-125,"3","SPARCL1"
"PLCE1",3.63780190102608e-129,3.13938627389522,0.635,0.395,1.40440980191013e-124,"3","PLCE1"
"PTEN",2.5602151873971e-128,3.06899278195111,0.712,0.573,9.88396675246524e-124,"3","PTEN"
"ARHGAP42",7.71659711562928e-127,3.28513860717129,0.629,0.41,2.97906948245984e-122,"3","ARHGAP42"
"ZEB11",1.0847774277471e-125,1.7150599256777,0.836,0.754,4.18789173756047e-121,"3","ZEB1"
"RAD51B",2.44971735859312e-124,3.23747654532553,0.598,0.316,9.45737883458459e-120,"3","RAD51B"
"NRP11",7.71613915492176e-122,1.60322085815268,0.842,0.722,2.97889268214909e-117,"3","NRP1"
"PDZD2",1.23035360092146e-120,2.05997052807284,0.828,0.711,4.74990311171737e-116,"3","PDZD2"
"LPP",3.21416262842099e-118,1.42935601231918,0.948,0.875,1.24085962432821e-113,"3","LPP"
"CD36",2.91392389961409e-117,1.40246490482313,0.897,0.818,1.12494946068502e-112,"3","CD36"
"MAP1B",1.34094508695291e-113,3.35065483551281,0.575,0.337,5.1768526026904e-109,"3","MAP1B"
"ZEB2",1.54254276053071e-109,1.85432494517086,0.724,0.581,5.95514058130485e-105,"3","ZEB2"
"IGFBP71",9.62603199894485e-107,2.51625351840852,0.67,0.503,3.71622591351265e-102,"3","IGFBP7"
"ZFHX3",8.32221511849229e-103,3.95832158008373,0.657,0.5,3.21287436864513e-98,"3","ZFHX3"
"UTRN1",2.6120377559829e-98,1.20082612540303,0.842,0.82,1.00840329607476e-93,"3","UTRN"
"PDE7B",6.74675768600253e-98,2.20731605101874,0.65,0.442,2.60465327225814e-93,"3","PDE7B"
"AKT32",5.60108324766121e-97,1.13869906652344,0.709,0.367,2.16235419859209e-92,"3","AKT3"
"SETBP1",1.94932998930972e-93,2.44455761967518,0.543,0.305,7.52558335672911e-89,"3","SETBP1"
"NBEAL1",4.50746458731508e-85,2.024327294492,0.705,0.656,1.74015177857886e-80,"3","NBEAL1"
"SPRED1",4.70635633238284e-85,2.2078033109289,0.52,0.29,1.81693592567972e-80,"3","SPRED1"
"CDC42BPA",5.79205809733335e-85,1.34410822546388,0.808,0.774,2.23608194905651e-80,"3","CDC42BPA"
"FGF1",2.93469580473381e-84,3.83367727554331,0.525,0.345,1.13296866237553e-79,"3","FGF1"
"PTPRG1",9.53486888325649e-83,1.01085313885613,0.889,0.847,3.68103148107e-78,"3","PTPRG"
"DIAPH2",1.13901666173111e-80,1.70318379501594,0.72,0.654,4.39728772427911e-76,"3","DIAPH2"
"SH3RF1",8.29141260631801e-79,2.42706002034621,0.571,0.4,3.20098275079513e-74,"3","SH3RF1"
"MEF2C1",2.20186209937463e-77,1.29136377537868,0.771,0.698,8.50050882084569e-73,"3","MEF2C"
"INPP4B",1.17535516799258e-73,1.12929987666416,0.884,0.732,4.53757616155217e-69,"3","INPP4B"
"PDE1C",1.59537388824679e-73,1.31766961033453,0.864,0.732,6.15910043296554e-69,"3","PDE1C"
"PREX21",7.15640157050791e-70,1.23002554710295,0.547,0.276,2.76280039031029e-65,"3","PREX2"
"FIGN",2.53388111003455e-69,2.45836628315992,0.605,0.511,9.78230141339939e-65,"3","FIGN"
"SEPTIN7",8.76304975798029e-69,2.24245463156277,0.609,0.51,3.38306298956587e-64,"3","SEPTIN7"
"GRK51",2.6666586841009e-66,1.20831380178071,0.688,0.549,1.029490251584e-61,"3","GRK5"
"RAPGEF21",1.02469852194333e-62,1.04017094766744,0.794,0.765,3.95595111381444e-58,"3","RAPGEF2"
"ARHGEF71",2.33164093531713e-62,1.72980258734182,0.632,0.55,9.00153299488531e-58,"3","ARHGEF7"
"PPP1R12A",1.28950484585531e-61,1.81890079329083,0.666,0.648,4.97826240790901e-57,"3","PPP1R12A"
"PTPRK",1.58665301076778e-61,1.07133592576344,0.849,0.788,6.12543261337008e-57,"3","PTPRK"
"MAP4K4",7.09062617113857e-57,1.71300594528167,0.663,0.646,2.73740713962976e-52,"3","MAP4K4"
"SEMA5A",6.31272962254473e-55,1.95336799085376,0.614,0.517,2.43709239807962e-50,"3","SEMA5A"
"RBPMS",1.98617911792722e-52,1.40710819157903,0.773,0.746,7.66784310266984e-48,"3","RBPMS"
"COBLL11",4.94563622554864e-52,1.69699009189411,0.604,0.513,1.90931232123531e-47,"3","COBLL1"
"PACSIN2",8.14779543116894e-52,2.39875290657664,0.533,0.434,3.14553790415708e-47,"3","PACSIN2"
"ZNF385D",1.75378248309743e-50,1.75327227778329,0.519,0.342,6.77065265424596e-46,"3","ZNF385D"
"MKLN1",1.67387985706525e-48,1.52920378602794,0.722,0.742,6.46218057618612e-44,"3","MKLN1"
"IMMP2L",9.97537018463218e-45,1.34887549661543,0.745,0.753,3.8510914134791e-40,"3","IMMP2L"
"STK39",5.20469197140227e-41,1.90920276636736,0.573,0.539,2.00932338247956e-36,"3","STK39"
"KALRN1",2.34977669948019e-40,1.17640180706423,0.697,0.687,9.07154792601322e-36,"3","KALRN"
"PDE8A",3.81698795609973e-39,1.442441030301,0.639,0.645,1.47358637033186e-34,"3","PDE8A"
"ROCK1",5.69891867025565e-36,1.42959349709437,0.598,0.594,2.20012454183889e-31,"3","ROCK1"
"FILIP1L",3.13808779683938e-33,1.22537531363796,0.688,0.632,1.21149017484781e-28,"3","FILIP1L"
"REV3L",1.62469248941836e-32,2.00845681141266,0.599,0.628,6.27228782464851e-28,"3","REV3L"
"MPRIP",1.23021064711602e-19,1.63784583602005,0.503,0.532,4.7493512242561e-15,"3","MPRIP"
"TBC1D1",2.06175104500816e-16,1.45908180300536,0.542,0.59,7.95959608435849e-12,"3","TBC1D1"
"LAMA4",2.52732842937515e-13,1.41062809169137,0.501,0.533,9.75700413444571e-09,"3","LAMA4"
"GHR",3.37795649503374e-13,1.2417336699948,0.494,0.517,1.30409388447273e-08,"3","GHR"
"BCAS3",2.68939834995248e-12,1.13425335227791,0.59,0.67,1.03826912698265e-07,"3","BCAS3"
"ROCK2",2.53548963854817e-10,1.18201972356202,0.509,0.579,9.78851129857906e-06,"3","ROCK2"
"ITGB1",6.97043867164132e-09,1.1874660714236,0.494,0.569,0.000269100755357385,"3","ITGB1"
"BBX",1.85645497516299e-08,1.07264526310188,0.517,0.595,0.000716703007711424,"3","BBX"
"POGZ",4.98233066444671e-07,1.18319690126624,0.468,0.545,0.019234785763163,"3","POGZ"
"TRAK1",0.000120009883404628,1.0259070379409,0.477,0.572,1,"3","TRAK1"
"RABGAP1",0.000541741282937892,1.2131340030016,0.441,0.534,1,"3","RABGAP1"
"THOC2",0.00126822376440438,1.25191795965535,0.417,0.501,1,"3","THOC2"
"PDE3A",7.4168306298546e-152,1.35720486041939,1,0.895,2.86334163296167e-147,"4","PDE3A"
"CDIN11",1.97765348269003e-73,1.14464835730957,0.931,0.742,7.63492903527313e-69,"4","CDIN1"
"PCDH9",1.66690004236537e-70,1.26647051173717,0.907,0.778,6.43523430355573e-66,"4","PCDH9"
"PCDH71",4.02963781842509e-62,1.15265798738728,0.865,0.652,1.55568197618119e-57,"4","PCDH7"
"TECRL1",5.02999764429547e-53,1.03784329266951,0.895,0.695,1.94188089055671e-48,"4","TECRL"
"TNNI3K1",5.59206519280211e-51,1.10205664796159,0.873,0.683,2.15887268833318e-46,"4","TNNI3K"
"MYH71",8.1969509410308e-47,1.27700940394641,0.845,0.752,3.16451488029435e-42,"4","MYH7"
"NLGN1",8.12212758629231e-44,1.1839404371597,0.778,0.667,3.13562857596401e-39,"4","NLGN1"
"ESRRG1",2.31451211250801e-42,1.08913236940955,0.798,0.638,8.93540546154843e-38,"4","ESRRG"
"CCSER11",2.36264912543974e-41,1.16403983364515,0.826,0.674,9.12124321367265e-37,"4","CCSER1"
"ANK2",1.2403722626628e-37,1.06245299278912,0.798,0.69,4.788581157236e-33,"4","ANK2"
"ERBB41",3.61184570540722e-36,1.04025003123876,0.826,0.695,1.39438915302951e-31,"4","ERBB4"
"SOX6",5.57351016823483e-36,1.17868740557912,0.77,0.71,2.15170933554874e-31,"4","SOX6"
"EFNA51",6.12235607260472e-30,1.072898765537,0.738,0.623,2.36359678538978e-25,"4","EFNA5"
"DPY19L21",2.54382107905296e-29,1.17444553381474,0.63,0.573,9.82067565779185e-25,"4","DPY19L2"
"ENSG000002911331",1.23744274313695e-27,1.22907638342584,0.647,0.58,4.77727145415452e-23,"4","ENSG00000291133"
"PPM1K",3.17881830957995e-22,1.13529822607708,0.647,0.628,1.22721459659643e-17,"4","PPM1K"
"CCDC1411",1.99123379294003e-16,1.0715574219999,0.613,0.591,7.68735718102428e-12,"4","CCDC141"
"CHRM21",6.79352823379842e-16,1.0415302109482,0.622,0.581,2.62270950994022e-11,"4","CHRM2"
"PAPOLA",1.09388137029513e-14,1.01916523248539,0.243,0.541,4.2230384181614e-10,"4","PAPOLA"
"PATJ",8.23923407374447e-12,1.12666657880474,0.559,0.59,3.18083870650979e-07,"4","PATJ"
"NBEA",6.74136386968741e-10,1.01084024979757,0.587,0.68,2.60257093553152e-05,"4","NBEA"
"TNIK",9.30192964046363e-07,1.10762345712936,0.495,0.567,0.0359110295699739,"4","TNIK"
"ACYP2",2.39331207228658e-05,1.00226380373281,0.529,0.648,0.923962058626958,"4","ACYP2"
"PRKAA2",2.53100305079218e-05,1.26989311930598,0.462,0.543,0.97711903778883,"4","PRKAA2"
"DECR1",4.72746223424067e-05,1.21595188354256,0.307,0.541,1,"4","DECR1"
"ENSG00000286800",6.37943029651233e-05,1.21301690493692,0.458,0.519,1,"4","ENSG00000286800"
"ZNF280D",0.000247975114054849,1.10903835487359,0.329,0.572,1,"4","ZNF280D"
"VPS8",0.000606075353073433,1.38909427472637,0.467,0.598,1,"4","VPS8"
"DENND1B",0.00153437824243248,1.03339024829457,0.321,0.532,1,"4","DENND1B"
"PPP1R9A",0.00191038731539474,1.13312571344863,0.45,0.54,1,"4","PPP1R9A"
"F13A1",0,7.86410280844074,0.764,0.05,0,"5","F13A1"
"MRC1",0,7.73621344833134,0.696,0.03,0,"5","MRC1"
"RBM47",0,7.53641640609173,0.671,0.018,0,"5","RBM47"
"IQGAP2",0,4.9574431785867,0.688,0.049,0,"5","IQGAP2"
"CD163",0,9.08150276543086,0.649,0.014,0,"5","CD163"
"MS4A6A",0,7.54111515363697,0.592,0.012,0,"5","MS4A6A"
"TBXAS1",0,6.61701613787754,0.608,0.03,0,"5","TBXAS1"
"DOCK2",0,5.69472838866419,0.562,0.028,0,"5","DOCK2"
"SYK",0,6.84292443978728,0.537,0.009,0,"5","SYK"
"MS4A4E",0,8.44761674918379,0.526,0.01,0,"5","MS4A4E"
"SLCO2B1",0,5.47001537398943,0.553,0.041,0,"5","SLCO2B1"
"MSR1",0,7.4055696671345,0.521,0.013,0,"5","MSR1"
"ATP8B4",0,5.87796848974649,0.504,0.021,0,"5","ATP8B4"
"AOAH",0,3.57714428906333,0.504,0.03,0,"5","AOAH"
"RUNX1",6.19962896836257e-288,4.96669037686453,0.597,0.067,2.39342875952605e-283,"5","RUNX1"
"DOCK8",6.52864279759775e-274,4.43950695138511,0.51,0.047,2.52044783844059e-269,"5","DOCK8"
"FMN1",6.34362766653642e-252,7.45319769724291,0.663,0.111,2.44902089694305e-247,"5","FMN1"
"COLEC12",4.85428811026506e-249,5.21487210614177,0.605,0.084,1.87404646784893e-244,"5","COLEC12"
"DAB2",1.02947747539257e-212,5.0972916451863,0.63,0.112,3.97440074150057e-208,"5","DAB2"
"SLC9A91",1.22934636373363e-203,4.52492356286063,0.688,0.147,4.74601457183007e-199,"5","SLC9A9"
"ARHGAP18",6.81413160556313e-166,4.23352835599739,0.564,0.111,2.6306636476437e-161,"5","ARHGAP18"
"LINC00278",4.27363913603092e-158,4.24330678715156,0.504,0.087,1.6498811248561e-153,"5","LINC00278"
"SMAP2",7.76537512150541e-153,5.27474432810122,0.575,0.134,2.99790071940838e-148,"5","SMAP2"
"FRMD4B",2.19440356352766e-140,4.355754987025,0.781,0.349,8.47171439735488e-136,"5","FRMD4B"
"RAB31",2.53647371480256e-122,5.08637787647914,0.504,0.12,9.79231042336678e-118,"5","RAB31"
"RBPJ",3.61364379664336e-122,5.87695759921274,0.792,0.462,1.39508332413213e-117,"5","RBPJ"
"MERTK",2.31144385221749e-97,5.45708995878465,0.573,0.212,8.92356013587083e-93,"5","MERTK"
"TRPS11",2.22925278301221e-77,3.00735237374278,0.658,0.316,8.60625329409696e-73,"5","TRPS1"
"ZEB21",5.96632844745897e-77,3.20841550156341,0.764,0.589,2.30336076042601e-72,"5","ZEB2"
"MAN1A1",7.20371357831052e-71,4.29817192555116,0.63,0.34,2.78106566404256e-66,"5","MAN1A1"
"SRGAP2",1.64522634496524e-69,3.09050412953188,0.501,0.182,6.3515608273728e-65,"5","SRGAP2"
"ELMO11",1.11446228753118e-67,2.16185231411505,0.696,0.34,4.30249310724289e-63,"5","ELMO1"
"LRMDA1",1.90977463372031e-63,2.16297624524148,0.808,0.673,7.37287595094063e-59,"5","LRMDA"
"GNAQ1",1.19284658892157e-62,2.29424374005471,0.63,0.305,4.60510354119061e-58,"5","GNAQ"
"MYO5A",2.76871549313389e-62,3.70629010085426,0.63,0.396,1.06889030327927e-57,"5","MYO5A"
"PDGFC",3.75064121363649e-60,4.3380337439747,0.614,0.381,1.4479725469365e-55,"5","PDGFC"
"MTSS1",2.91237662401861e-58,3.67455900808611,0.677,0.507,1.12435211946862e-53,"5","MTSS1"
"PLXDC21",8.98657236969849e-53,1.90629088938338,0.732,0.435,3.4693561290458e-48,"5","PLXDC2"
"ATG7",2.71494098739613e-51,3.09776083998209,0.638,0.462,1.04813011759415e-46,"5","ATG7"
"LDLRAD41",2.90297435146672e-47,2.31292881350819,0.762,0.683,1.12072227812724e-42,"5","LDLRAD4"
"AP2A2",1.13749884918473e-46,3.93471430149265,0.515,0.286,4.39142805716257e-42,"5","AP2A2"
"FCHSD21",6.82653089025569e-46,1.99112360381015,0.753,0.731,2.63545051549211e-41,"5","FCHSD2"
"FKBP51",4.44130982050521e-44,3.44820824822489,0.658,0.538,1.71461206930424e-39,"5","FKBP5"
"FLI11",1.05195161950575e-43,1.12415143228785,0.57,0.257,4.06116442226389e-39,"5","FLI1"
"CMIP",2.81824227663444e-42,2.42009261265969,0.534,0.294,1.08801061331749e-37,"5","CMIP"
"ITSN1",9.63387457188373e-42,3.13033462107954,0.608,0.463,3.71925361722143e-37,"5","ITSN1"
"DPYD",2.40051038433799e-41,2.2495591473267,0.737,0.72,9.26741038977526e-37,"5","DPYD"
"DISC1",3.86036634718042e-41,2.52141948488202,0.562,0.342,1.49033303199247e-36,"5","DISC1"
"CHST11",1.71529222340394e-40,2.91899474375675,0.512,0.299,6.62205715767326e-36,"5","CHST11"
"GAS71",8.5144395077291e-40,2.37492001556286,0.545,0.332,3.2870845163539e-35,"5","GAS7"
"STARD13",1.19441700186058e-38,2.23949602303866,0.732,0.722,4.61116627738296e-34,"5","STARD13"
"SNX29",9.63389406872614e-37,2.75799397213842,0.611,0.495,3.71926114417241e-32,"5","SNX29"
"TNS3",2.012808290378e-36,3.51471876270721,0.548,0.396,7.77064768583329e-32,"5","TNS3"
"ARHGAP241",1.66290669962323e-34,1.66410632337587,0.751,0.68,6.41981760456545e-30,"5","ARHGAP24"
"RGL1",1.24047543672359e-33,3.28551370027665,0.614,0.526,4.7889794710151e-29,"5","RGL1"
"MAML3",1.53102861899631e-32,2.20480225062569,0.597,0.431,5.91068908649717e-28,"5","MAML3"
"FNBP1",1.77619444481357e-32,2.59137177211315,0.548,0.387,6.85717627364726e-28,"5","FNBP1"
"RNF130",1.1945276688829e-31,2.68634960415882,0.559,0.424,4.61159351848931e-27,"5","RNF130"
"ITPR21",1.32356644288619e-29,1.733054478793,0.674,0.639,5.10976060940641e-25,"5","ITPR2"
"ZSWIM61",1.60310703308587e-28,2.05789386912089,0.644,0.591,6.18895501193131e-24,"5","ZSWIM6"
"HDAC9",9.5499662831915e-26,1.8517532758715,0.679,0.626,3.68685998328891e-21,"5","HDAC9"
"DLEU21",1.02944667739386e-25,2.14143874775616,0.663,0.647,3.97428184274675e-21,"5","DLEU2"
"FMNL2",1.12722133194988e-25,2.58962987598609,0.515,0.375,4.35175067412571e-21,"5","FMNL2"
"CYRIB",7.24509450571689e-25,2.5192867959736,0.529,0.429,2.79704118487706e-20,"5","CYRIB"
"TBC1D5",5.10970690471694e-23,1.44462354290638,0.715,0.763,1.97265344763502e-18,"5","TBC1D5"
"FOXN31",8.01733120483568e-23,1.22262171619753,0.734,0.778,3.09517088493886e-18,"5","FOXN3"
"DENND1A",5.21867227874374e-22,2.07875587075042,0.611,0.598,2.01472061993181e-17,"5","DENND1A"
"DNAAF9",1.2085343437429e-21,2.10469281559572,0.614,0.623,4.66566768745382e-17,"5","DNAAF9"
"CSGALNACT1",1.28159483716137e-21,2.40556134143998,0.622,0.594,4.94772502834517e-17,"5","CSGALNACT1"
"CELF21",1.50947915856929e-20,1.14670511321209,0.767,0.761,5.82749523957262e-16,"5","CELF2"
"WDFY3",1.61668129438085e-20,1.58116077780429,0.625,0.622,6.24135980508671e-16,"5","WDFY3"
"ATM",3.32000626901299e-20,2.03084783115045,0.542,0.484,1.28172162021515e-15,"5","ATM"
"TBC1D22A1",4.58612831895716e-20,1.87836805195013,0.597,0.564,1.7705206988166e-15,"5","TBC1D22A"
"SPIDR",6.56842380954751e-20,1.78014290522655,0.619,0.592,2.53580569591391e-15,"5","SPIDR"
"SAT1",1.39839552174747e-19,1.77736367825674,0.589,0.549,5.3986457512583e-15,"5","SAT1"
"SLC1A31",1.83189598205993e-19,2.10455322806648,0.592,0.514,7.07221762834056e-15,"5","SLC1A3"
"MAML22",2.78663985032851e-19,1.02144100296083,0.584,0.396,1.07581018061782e-14,"5","MAML2"
"TCF12",3.74022223622792e-18,1.1185154090339,0.726,0.795,1.44395019651815e-13,"5","TCF12"
"WASF2",2.84001874666937e-17,1.95242773007272,0.548,0.507,1.09641763733918e-12,"5","WASF2"
"EPS15",5.72519702762449e-17,1.78703225928017,0.605,0.628,2.21026956448471e-12,"5","EPS15"
"BMP2K",7.11511747080987e-17,2.21061656174877,0.504,0.452,2.74686225078086e-12,"5","BMP2K"
"ETV61",1.77588762333332e-16,1.49550586214264,0.608,0.61,6.85599175864062e-12,"5","ETV6"
"JAK2",2.04622594322392e-16,2.0245667677273,0.537,0.502,7.89965987641025e-12,"5","JAK2"
"DIP2B",3.01839729673687e-15,1.9902076645827,0.542,0.533,1.16528246037824e-10,"5","DIP2B"
"WWP1",3.96470677034444e-14,1.87578130421857,0.57,0.585,1.53061469575918e-09,"5","WWP1"
"SFMBT2",9.28456556625528e-14,2.57192536023293,0.529,0.531,3.58439938250851e-09,"5","SFMBT2"
"RNF2131",1.65698782979518e-13,1.78290486920902,0.529,0.498,6.39696721570729e-09,"5","RNF213"
"GAB21",1.84001530362174e-13,1.86242978144872,0.507,0.461,7.1035630811621e-09,"5","GAB2"
"FRMD4A1",1.86413870108582e-13,1.39210392106811,0.54,0.489,7.19669386941193e-09,"5","FRMD4A"
"MGAT5",2.88461627444826e-13,1.53241236213083,0.622,0.642,1.1136349589135e-08,"5","MGAT5"
"SGMS1",3.01733873147704e-13,1.9630594725794,0.559,0.567,1.16487379067402e-08,"5","SGMS1"
"MEF2C2",4.56243781500563e-11,1.07036773024397,0.647,0.709,1.76137474286107e-06,"5","MEF2C"
"CYTH11",1.836488438395e-10,1.24305530366515,0.51,0.475,7.08994726526774e-06,"5","CYTH1"
"USP15",4.19439359723802e-10,1.15396155976018,0.586,0.64,1.61928759214971e-05,"5","USP15"
"PRKAG2",4.74148138045519e-09,1.73238497071498,0.515,0.527,0.000183049630173853,"5","PRKAG2"
"FGD4",6.93657463819802e-09,1.31216430453999,0.586,0.633,0.000267793400482273,"5","FGD4"
"THRB",1.21785009698406e-08,1.2268262833239,0.567,0.564,0.000470163208441666,"5","THRB"
"FOXO31",2.37263725746983e-08,1.39093110155898,0.603,0.658,0.000915980339618802,"5","FOXO3"
"EIF4G31",1.14171944261176e-07,1.29382338787743,0.573,0.653,0.00440772208014696,"5","EIF4G3"
"ROCK11",1.55907122704247e-07,1.50708449515752,0.534,0.597,0.00601895037912015,"5","ROCK1"
"SSH2",3.87530260648199e-07,1.21932841823539,0.614,0.697,0.0149609932425844,"5","SSH2"
"UBE2E2",9.60908620200667e-07,1.10598857592757,0.614,0.676,0.037096838191467,"5","UBE2E2"
"RREB1",1.19532356911522e-06,1.69235039300381,0.474,0.509,0.0461466617092622,"5","RREB1"
"JARID2",2.77178101495185e-06,1.38369971094405,0.515,0.565,0.107007377863231,"5","JARID2"
"ELF2",1.8405967227458e-05,1.096642159803,0.575,0.691,0.710580770783244,"5","ELF2"
"CAPZB",2.23941234058328e-05,1.90308401328879,0.468,0.531,0.86454752820558,"5","CAPZB"
"CHN21",2.36270380464106e-05,1.00593252165434,0.551,0.552,0.912145430819727,"5","CHN2"
"SUMF1",2.73914240876201e-05,1.55021218566192,0.468,0.509,1,"5","SUMF1"
"ITSN21",7.21924900123262e-05,1.32520644263354,0.507,0.595,1,"5","ITSN2"
"ZNF609",0.000241309885773308,1.38746458455968,0.485,0.56,1,"5","ZNF609"
"CEP170",0.000425278338949224,1.46495230444765,0.447,0.506,1,"5","CEP170"
"TAOK3",0.000469821719881234,1.4387550062447,0.455,0.526,1,"5","TAOK3"
"COP1",0.000755199131150049,1.01404282348763,0.512,0.609,1,"5","COP1"
"KDM2A",0.000811430321679475,1.07229580354569,0.496,0.589,1,"5","KDM2A"
"PIAS1",0.000965109570503269,1.0462638598527,0.499,0.593,1,"5","PIAS1"
"CCDC91",0.00118188014108514,1.15586565810274,0.501,0.575,1,"5","CCDC91"
"VPS13C",0.00129017604008893,1.16779729249719,0.512,0.625,1,"5","VPS13C"
"NAV2",0.00136726083057985,1.93075566174301,0.485,0.595,1,"5","NAV2"
"FBXO11",0.00184791779653937,1.14510614451161,0.504,0.596,1,"5","FBXO11"
"NUDT3",0.00218357647573401,1.37072479686185,0.438,0.507,1,"5","NUDT3"
"FCHO2",0.0071706651361408,1.60931848569549,0.425,0.504,1,"5","FCHO2"
"PHKB",0.00981196939379343,1.02592784797046,0.493,0.594,1,"5","PHKB"
"PTPRC",0,6.65645769123158,0.955,0.034,0,"6","PTPRC"
"SKAP1",0,10.4081769206941,0.919,0.007,0,"6","SKAP1"
"IKZF1",0,8.00933817327889,0.892,0.016,0,"6","IKZF1"
"AOAH1",0,6.56997770505202,0.838,0.04,0,"6","AOAH"
"FYB1",0,5.62394642332927,0.748,0.028,0,"6","FYB1"
"THEMIS",0,11.3638189835874,0.721,0.002,0,"6","THEMIS"
"PRKCB",0,5.4239328833072,0.73,0.028,0,"6","PRKCB"
"CD96",0,9.12463977427469,0.703,0.01,0,"6","CD96"
"CD247",0,8.73291804006924,0.703,0.016,0,"6","CD247"
"BCL11B",0,11.2513011038883,0.676,0.001,0,"6","BCL11B"
"LINC01934",0,9.1235053623326,0.676,0.005,0,"6","LINC01934"
"ITGA4",0,6.9158828781082,0.685,0.019,0,"6","ITGA4"
"SAMD3",0,9.57404792272648,0.658,0.004,0,"6","SAMD3"
"ITK",0,9.76054560172043,0.64,0.003,0,"6","ITK"
"IL7R",0,10.6823618984406,0.64,0.004,0,"6","IL7R"
"SLFN12L",0,7.16684252860936,0.649,0.013,0,"6","SLFN12L"
"SLAMF6",0,10.2634737133426,0.622,0.002,0,"6","SLAMF6"
"IKZF3",0,10.0596049005025,0.622,0.004,0,"6","IKZF3"
"PRKCQ",0,8.42637972841455,0.622,0.006,0,"6","PRKCQ"
"ZNF831",0,8.77042055411839,0.604,0.002,0,"6","ZNF831"
"CAMK4",0,8.89803686257257,0.604,0.005,0,"6","CAMK4"
"SCML4",0,9.72231705000986,0.586,0.002,0,"6","SCML4"
"CD53",0,6.36468008015414,0.586,0.012,0,"6","CD53"
"TRAF3IP3",0,8.43294899880818,0.55,0.008,0,"6","TRAF3IP3"
"PYHIN1",0,9.92434103573403,0.514,0.002,0,"6","PYHIN1"
"CARD11",0,7.422744317147,0.514,0.007,0,"6","CARD11"
"SLA",1.75335351122031e-244,5.37528516680924,0.523,0.019,6.76899656541712e-240,"6","SLA"
"DOCK21",3.60414587288466e-231,4.3652173427261,0.721,0.043,1.39141655568585e-226,"6","DOCK2"
"DOCK10",1.67503070285693e-225,5.79277014949817,0.721,0.046,6.46662353144947e-221,"6","DOCK10"
"PPP2R2B",1.33986236408889e-214,6.14980972435358,0.532,0.024,5.17267264280157e-210,"6","PPP2R2B"
"ARHGAP15",4.25190569955685e-208,5.47329956598605,0.928,0.092,1.64149071437092e-203,"6","ARHGAP15"
"PIK3R5",2.14168574484141e-202,4.15499063247599,0.532,0.025,8.26819198653474e-198,"6","PIK3R5"
"IQGAP21",2.11685171821497e-200,3.96753663746136,0.82,0.067,8.17231774334072e-196,"6","IQGAP2"
"DOCK81",1.66279878194562e-190,4.43069261995295,0.748,0.058,6.41940097757925e-186,"6","DOCK8"
"APBB1IP",6.77731660309858e-186,4.82008394310228,0.541,0.029,2.61645084779224e-181,"6","APBB1IP"
"LCP2",2.18861536476292e-176,4.09932766500818,0.613,0.04,8.44936847720372e-172,"6","LCP2"
"CCDC88C",1.18244715383536e-156,4.62978783424961,0.604,0.046,4.56495548209679e-152,"6","CCDC88C"
"CD44",8.53033587301688e-153,4.91207712975537,0.64,0.054,3.2932214671369e-148,"6","CD44"
"RIPOR2",7.12764994197011e-139,6.29682641763717,0.712,0.079,2.75170053659698e-134,"6","RIPOR2"
"TC2N",1.13147007008019e-131,4.32634958314068,0.676,0.07,4.3681533525516e-127,"6","TC2N"
"PCNX2",4.05373681043362e-130,4.79889667271755,0.523,0.041,1.564985633036e-125,"6","PCNX2"
"AKNA",2.13020450628722e-114,5.2187598050329,0.505,0.044,8.22386751697243e-110,"6","AKNA"
"ENSG00000291143",5.72264193399501e-111,4.54199702478189,0.514,0.046,2.20928314503811e-106,"6","ENSG00000291143"
"PARP8",2.52038536278372e-108,7.29048903843843,0.928,0.22,9.73019973156284e-104,"6","PARP8"
"RUNX11",4.45653432573788e-106,3.72324189020959,0.658,0.082,1.72048964179437e-101,"6","RUNX1"
"EMB",2.62018087486805e-101,5.64018960646967,0.577,0.069,1.01154702855156e-96,"6","EMB"
"ARAP2",7.99025256371783e-101,4.48269309162454,0.631,0.082,3.08471690474891e-96,"6","ARAP2"
"GNG2",2.26723871225525e-97,3.81871096056166,0.541,0.059,8.75290177253261e-93,"6","GNG2"
"TRERF1",2.93698639005795e-74,3.76399661276122,0.613,0.102,1.13385296574577e-69,"6","TRERF1"
"PIP4K2A",1.07461360684775e-71,4.59045913966638,0.928,0.359,4.14865329059643e-67,"6","PIP4K2A"
"CCND3",4.83659162540389e-67,4.13060291111523,0.838,0.258,1.86721456290343e-62,"6","CCND3"
"ANKRD441",2.06710991941449e-64,4.10857805417301,0.838,0.275,7.98028455489156e-60,"6","ANKRD44"
"CHST111",2.44517424506393e-62,4.22758575555125,0.847,0.301,9.4398396904938e-58,"6","CHST11"
"ETS1",2.66215347012045e-60,3.72462456114131,0.811,0.254,1.0277509686747e-55,"6","ETS1"
"SEMA4D",5.46506857691596e-59,5.53477429551089,0.613,0.141,2.10984437480417e-54,"6","SEMA4D"
"ZC3HAV1",6.86420428910958e-56,2.87494794387963,0.622,0.131,2.64999470785364e-51,"6","ZC3HAV1"
"DOCK11",9.20156409275477e-56,3.11369624956478,0.505,0.086,3.55235583364891e-51,"6","DOCK11"
"STAT4",2.11408212655854e-54,3.44167218380104,0.658,0.159,8.16162545779192e-50,"6","STAT4"
"PRKCH1",4.52329225835718e-53,2.60146296681755,0.856,0.282,1.74626220926137e-48,"6","PRKCH"
"TOX",4.41327424072673e-52,5.61569775813894,0.622,0.163,1.70378865337496e-47,"6","TOX"
"TNFAIP8",6.10418982106622e-51,4.72031061544749,0.676,0.2,2.35658352232082e-46,"6","TNFAIP8"
"CLEC2D",1.23763235735838e-49,3.99303414802392,0.685,0.209,4.77800347881775e-45,"6","CLEC2D"
"INPP5D",2.92680103225767e-49,2.15739218603993,0.613,0.131,1.1299208065134e-44,"6","INPP5D"
"STK4",3.40406620367099e-49,4.21567985795261,0.703,0.228,1.31417379858922e-44,"6","STK4"
"TSPAN5",3.49078640000059e-46,4.60664198181552,0.514,0.115,1.34765299758423e-41,"6","TSPAN5"
"SMAP21",4.31179784526385e-44,3.24699843907735,0.577,0.148,1.66461267614256e-39,"6","SMAP2"
"CDC42SE2",1.5489132732131e-43,3.86174885066649,0.676,0.23,5.97973458256649e-39,"6","CDC42SE2"
"RESF1",2.20211649891417e-43,3.95743626214679,0.775,0.349,8.50149095570804e-39,"6","RESF1"
"PREX1",2.26717231616573e-40,3.18237697170295,0.532,0.13,8.75264544378941e-36,"6","PREX1"
"FKBP52",5.14207013491988e-38,2.81027514603574,0.874,0.538,1.98514759628717e-33,"6","FKBP5"
"PCED1B",1.0666132871904e-37,2.54750428119831,0.532,0.128,4.11776725652725e-33,"6","PCED1B"
"FYN1",1.83172051559824e-37,3.18611444773512,0.856,0.501,7.07154022251855e-33,"6","FYN"
"ZFP36L2",8.80771460988186e-37,2.9350242063149,0.577,0.17,3.40030630229099e-32,"6","ZFP36L2"
"RASA2",4.99470644028608e-36,3.20095357685458,0.793,0.438,1.92825636833684e-31,"6","RASA2"
"STK10",1.59035263791579e-34,2.93976736047817,0.541,0.152,6.13971539393771e-30,"6","STK10"
"MBNL1",1.52336610674638e-33,1.99804098602029,0.964,0.886,5.88110719170508e-29,"6","MBNL1"
"RUNX2",2.33750280345012e-33,4.99034185907563,0.505,0.151,9.02416332299951e-29,"6","RUNX2"
"IFI16",4.75137590020147e-33,2.32451488845387,0.532,0.144,1.83431618003178e-28,"6","IFI16"
"BTG1",3.29406661827893e-32,3.57447122779185,0.676,0.307,1.27170735865277e-27,"6","BTG1"
"ERN1",5.34170110406441e-30,3.97556916372762,0.505,0.163,2.0622171282351e-25,"6","ERN1"
"SYTL3",2.05918075656393e-29,4.8944393899379,0.568,0.228,7.94967322879071e-25,"6","SYTL3"
"PCNX1",1.16235591895617e-27,2.64113404687266,0.82,0.614,4.48739126072218e-23,"6","PCNX1"
"B2M",1.22203861117571e-27,2.85903221066617,0.586,0.219,4.71780226230495e-23,"6","B2M"
"ATXN1",3.43716015886658e-27,2.36572719383609,0.865,0.682,1.32695005093203e-22,"6","ATXN1"
"SP1001",6.80180907858207e-25,2.40193926270816,0.739,0.442,2.62590641287739e-20,"6","SP100"
"SLC4A7",7.83084106144904e-25,3.3594247257388,0.613,0.293,3.02317450018302e-20,"6","SLC4A7"
"CELF22",8.28252731279984e-25,1.60315482192814,0.928,0.759,3.19755249437951e-20,"6","CELF2"
"NCK2",2.26119464857625e-24,2.78080245960048,0.667,0.345,8.72956806029349e-20,"6","NCK2"
"NFATC2",1.13451960836464e-23,2.75917914438757,0.505,0.188,4.37992640005252e-19,"6","NFATC2"
"MT-CO1",3.81973670643067e-23,1.44478576769454,0.946,0.793,1.47464755288463e-18,"6","MT-CO1"
"SH3KBP1",4.48075068283858e-23,2.63868169036192,0.685,0.399,1.72983860861666e-18,"6","SH3KBP1"
"FNBP11",2.35016991189077e-22,2.50537319244694,0.676,0.391,9.0730659618455e-18,"6","FNBP1"
"MDFIC",2.45001401333785e-22,3.3600839165424,0.64,0.357,9.45852409989211e-18,"6","MDFIC"
"WIPF1",1.11239112944352e-21,2.38084440635231,0.604,0.284,4.29449719432964e-17,"6","WIPF1"
"PPP2R5C",6.55748436938272e-21,2.63951880275238,0.748,0.551,2.53158241564389e-16,"6","PPP2R5C"
"SLC38A11",7.51711320847602e-21,2.27466808969126,0.721,0.46,2.90205672526425e-16,"6","SLC38A1"
"CASK",1.29533415980847e-19,3.07088481295481,0.667,0.425,5.0007670573566e-15,"6","CASK"
"PDCD4",1.70012612084603e-19,3.27221926554103,0.595,0.341,6.56350690213819e-15,"6","PDCD4"
"DISC11",3.06805940683609e-19,3.20848624295523,0.604,0.348,1.18445501460314e-14,"6","DISC1"
"ARHGEF3",3.61969823307278e-19,2.47766633280592,0.64,0.368,1.39742069986008e-14,"6","ARHGEF3"
"FOXN32",1.17834816758532e-17,1.07955990226083,0.883,0.774,4.54913093577987e-13,"6","FOXN3"
"RAP1GDS1",1.83348435455093e-17,2.85709417246096,0.658,0.448,7.07834969917931e-13,"6","RAP1GDS1"
"TNRC6B",3.63287175759119e-17,1.5654091704221,0.874,0.748,1.40250647073565e-12,"6","TNRC6B"
"ST6GAL1",6.25780782606123e-17,1.89586743133915,0.694,0.477,2.4158892893292e-12,"6","ST6GAL1"
"DPYD1",2.05970122037459e-16,1.69888720860621,0.838,0.72,7.95168253137815e-12,"6","DPYD"
"EML4",2.08435597257961e-16,2.28700901504508,0.577,0.316,8.04686466774084e-12,"6","EML4"
"EVL",2.81433740244343e-16,3.01664056895877,0.523,0.273,1.08650309758731e-11,"6","EVL"
"LRBA",3.17578260182826e-16,1.78241753619466,0.793,0.67,1.22604263126182e-11,"6","LRBA"
"PDE3B",7.11660054301326e-16,2.77378181807891,0.685,0.467,2.7474348056357e-11,"6","PDE3B"
"MBP",1.25554770423256e-15,3.05637626075036,0.586,0.38,4.84716746696023e-11,"6","MBP"
"ATP8A1",2.28808933396092e-15,2.19858075510735,0.649,0.458,8.83339768268953e-11,"6","ATP8A1"
"BCL21",1.46617148254891e-14,2.62127638185585,0.631,0.422,5.66030162552834e-10,"6","BCL2"
"RASA1",1.05153904803717e-13,2.45802370525098,0.667,0.506,4.0595716488523e-09,"6","RASA1"
"AKT33",1.07346929746771e-13,1.61143538654522,0.685,0.4,4.14423556980386e-09,"6","AKT3"
"SMCHD1",1.39971534754881e-13,1.59160596412605,0.748,0.645,5.40374107074692e-09,"6","SMCHD1"
"GPRIN3",2.04913544395473e-13,2.72553735853447,0.559,0.349,7.91089229493164e-09,"6","GPRIN3"
"NAP1L4",3.79078033978316e-13,2.12966778626452,0.622,0.447,1.46346865797669e-08,"6","NAP1L4"
"SSH21",6.52845612913192e-13,1.44737794346296,0.766,0.692,2.52037577321267e-08,"6","SSH2"
"ATM1",6.75950118807656e-13,2.67144134428833,0.64,0.484,2.60957302866884e-08,"6","ATM"
"SYNRG",1.06822110181227e-12,2.27122229643852,0.559,0.366,4.12397438565646e-08,"6","SYNRG"
"CYRIB1",1.38149219079745e-12,2.42796476611869,0.595,0.431,5.33338875179265e-08,"6","CYRIB"
"USP25",2.59726079598282e-12,1.73768968285139,0.694,0.566,1.00269850289713e-07,"6","USP25"
"RPS6KA3",3.83249093903378e-12,2.17795610831877,0.622,0.459,1.47957145192338e-07,"6","RPS6KA3"
"IQGAP1",8.01461559317714e-12,1.7146443629635,0.658,0.494,3.09412249590197e-07,"6","IQGAP1"
"CCDC911",8.89442953513756e-12,1.60584649544264,0.712,0.57,3.43378346633521e-07,"6","CCDC91"
"CHIC2",2.2942750078809e-11,2.10738156820601,0.523,0.328,8.857278095425e-07,"6","CHIC2"
"NFATC3",2.39493827208581e-11,2.1590239332209,0.586,0.423,9.2458986932145e-07,"6","NFATC3"
"MYCBP21",2.69967085253739e-11,1.57152082668494,0.712,0.634,1.04223492933059e-06,"6","MYCBP2"
"ANKRD12",2.71084993272764e-11,1.33413379733482,0.757,0.691,1.04655072502883e-06,"6","ANKRD12"
"RNF2132",2.71960393278027e-11,1.89631979971691,0.64,0.498,1.04993029428915e-06,"6","RNF213"
"SMYD3",3.5555038242349e-11,1.7735292599357,0.739,0.621,1.37263780638412e-06,"6","SMYD3"
"SND1",3.70608639990106e-11,2.03542606108849,0.631,0.49,1.4307717155458e-06,"6","SND1"
"SFMBT21",4.82683550152007e-11,1.7467757293447,0.667,0.529,1.86344811371684e-06,"6","SFMBT2"
"CNOT6L",5.11946313444125e-11,2.08931778337006,0.559,0.375,1.97641993768239e-06,"6","CNOT6L"
"RAPGEF6",6.00214233507787e-11,1.98231783947705,0.613,0.496,2.31718706988016e-06,"6","RAPGEF6"
"CMIP1",1.6938195273485e-10,1.60156502131535,0.514,0.302,6.53915966728163e-06,"6","CMIP"
"EPS151",2.25484665188053e-10,1.55147836083855,0.703,0.626,8.70506098424999e-06,"6","EPS15"
"RBL2",3.03152732183192e-10,2.38959675758977,0.532,0.381,1.17035143786643e-05,"6","RBL2"
"EPB41",3.08448977544489e-10,2.11614292130755,0.586,0.444,1.19079812270826e-05,"6","EPB41"
"NIBAN11",3.62002662665179e-10,1.17121427689912,0.739,0.596,1.39754747948519e-05,"6","NIBAN1"
"PRMT2",4.14295360767533e-10,2.21127383402215,0.523,0.36,1.59942866977914e-05,"6","PRMT2"
"PPP3CA1",1.05001972059035e-09,1.56147462800112,0.667,0.528,4.05370613331111e-05,"6","PPP3CA"
"OGT",1.15030601173933e-09,2.07868211370153,0.595,0.497,4.44087138892087e-05,"6","OGT"
"MAP3K5",2.59642462575049e-09,1.62465660818272,0.649,0.539,0.000100237569101723,"6","MAP3K5"
"ANKRD36",2.75101368272087e-09,1.74785877576485,0.595,0.47,0.000106205634235122,"6","ANKRD36"
"KLRD1",3.10988317118338e-09,2.34080084259324,0.523,0.362,0.000120060149706706,"6","KLRD1"
"TXNIP",3.96999422566167e-09,1.09509888486147,0.811,0.719,0.000153265597075894,"6","TXNIP"
"PRRC2C",5.15430987770566e-09,1.51474202833158,0.667,0.604,0.000198987287138705,"6","PRRC2C"
"MSN",1.28394769702754e-08,2.13984814860666,0.505,0.357,0.000495680847914451,"6","MSN"
"OSBPL8",1.36150655032228e-08,1.88751701851002,0.631,0.558,0.000525623218817421,"6","OSBPL8"
"ASH1L",1.66019984784165e-08,1.00996187160274,0.757,0.698,0.000640936753257748,"6","ASH1L"
"KLF121",1.72764144450395e-08,1.33599524090965,0.784,0.773,0.000666973256065194,"6","KLF12"
"CCSER2",3.26569185509273e-08,1.62117113583556,0.64,0.576,0.0012607529975771,"6","CCSER2"
"INPP4A",3.2899642900901e-08,2.20914175872288,0.541,0.415,0.00127012361383218,"6","INPP4A"
"KMT2A",3.54145468234803e-08,1.60047360124073,0.613,0.532,0.00136721399466728,"6","KMT2A"
"RAP1B",7.91343522165316e-08,1.38451058940184,0.595,0.47,0.00305506080167142,"6","RAP1B"
"ATP11B",8.96774511888491e-08,1.48277949760002,0.586,0.502,0.00346208768059671,"6","ATP11B"
"PRPF4B",2.91812939286737e-07,1.57240017462317,0.613,0.531,0.0112657303341038,"6","PRPF4B"
"KIF13B",2.96798590329222e-07,2.04754613405571,0.514,0.41,0.01145820637825,"6","KIF13B"
"NIPBL",4.95110199776135e-07,1.17199337492425,0.73,0.715,0.0191142243725575,"6","NIPBL"
"FAM172A",6.35862399224126e-07,1.36403959949202,0.667,0.637,0.0245481037844466,"6","FAM172A"
"PACS1",1.18626920896249e-06,1.74714162681022,0.595,0.528,0.045797109081206,"6","PACS1"
"ANKRD11",1.21199570579914e-06,1.47538211670331,0.613,0.556,0.0467903062180815,"6","ANKRD11"
"JAK11",1.70642911237531e-06,1.03065161682481,0.721,0.729,0.0658784023123612,"6","JAK1"
"TUT4",2.02998888960244e-06,1.11870421297277,0.631,0.583,0.0783697510719917,"6","TUT4"
"STK391",2.06711049475876e-06,1.39517414964602,0.604,0.541,0.0798028677606567,"6","STK39"
"KAT2B",2.3262637614025e-06,2.30862218298647,0.505,0.424,0.0898077387727048,"6","KAT2B"
"STAG2",5.15986290999608e-06,1.3434728214314,0.55,0.475,0.199201667503309,"6","STAG2"
"TAOK31",5.20807475308327e-06,1.54331247205332,0.577,0.522,0.201062933917533,"6","TAOK3"
"BPTF",8.93981907513981e-06,1.48915032862412,0.658,0.629,0.345130655214847,"6","BPTF"
"DENND4A",1.01066212747323e-05,1.27810661623395,0.577,0.514,0.390176220932315,"6","DENND4A"
"BIRC6",1.05671023765528e-05,1.14762108431354,0.712,0.698,0.407953554349196,"6","BIRC6"
"SOS1",1.58798618295941e-05,1.18988194503338,0.649,0.623,0.61305794579331,"6","SOS1"
"MT-ND4",1.77168483971476e-05,1.39216408046142,0.541,0.439,0.683976649220282,"6","MT-ND4"
"ANKRD36C",1.84079402786825e-05,1.47771684654081,0.55,0.486,0.710656942398818,"6","ANKRD36C"
"PAG1",1.8729175271062e-05,1.63845448224962,0.514,0.442,0.723058540514619,"6","PAG1"
"SUCLG2",2.22342654730402e-05,1.47045430546599,0.595,0.557,0.858376052852188,"6","SUCLG2"
"ROCK12",2.26852072839642e-05,1.12668738006258,0.631,0.594,0.87578511240472,"6","ROCK1"
"MYH91",2.43360732604777e-05,1.08122278495051,0.622,0.568,0.939518444294001,"6","MYH9"
"MPHOSPH81",3.03665974584302e-05,1.61759683806953,0.568,0.533,1,"6","MPHOSPH8"
"SMARCA21",3.28702760493457e-05,1.136924356251,0.604,0.572,1,"6","SMARCA2"
"VPS13C1",3.94354083126576e-05,1.19145667289459,0.64,0.62,1,"6","VPS13C"
"VTI1A1",4.06199184900493e-05,1.18883648379815,0.64,0.633,1,"6","VTI1A"
"CEP85L",4.46245035868442e-05,1.71499214072591,0.523,0.487,1,"6","CEP85L"
"TNKS",4.79162734234861e-05,1.39239218319272,0.604,0.578,1,"6","TNKS"
"BLTP1",4.96814916100133e-05,1.00727834499565,0.622,0.599,1,"6","BLTP1"
"ZNF292",4.98332880175185e-05,1.15752625388956,0.613,0.573,1,"6","ZNF292"
"LNPEP",5.31483048252272e-05,1.49097590173229,0.523,0.476,1,"6","LNPEP"
"PAN3",5.39146966868931e-05,1.07704309689555,0.622,0.61,1,"6","PAN3"
"ARID4B1",7.82677516613889e-05,1.12483424427328,0.604,0.595,1,"6","ARID4B"
"CDKAL1",9.36443116965376e-05,1.2233811178732,0.622,0.636,1,"6","CDKAL1"
"ARHGAP35",0.000111048874823495,1.70310211788654,0.514,0.473,1,"6","ARHGAP35"
"NR3C1",0.000117969163749725,1.3834115838315,0.604,0.604,1,"6","NR3C1"
"RNF38",0.000143575500234815,1.41774819420351,0.514,0.476,1,"6","RNF38"
"PTPRA",0.000147270603692503,1.50076257791397,0.541,0.494,1,"6","PTPRA"
"PSPC1",0.000150016351436286,1.70386914289337,0.505,0.457,1,"6","PSPC1"
"BTBD9",0.00019604346396546,1.10095267168786,0.631,0.617,1,"6","BTBD9"
"HNRNPA3",0.000225163640074792,1.41153659319497,0.541,0.532,1,"6","HNRNPA3"
"RAP1A",0.000233116986668733,1.32073061896222,0.568,0.547,1,"6","RAP1A"
"NSD1",0.000318701744935963,1.27827319739068,0.55,0.533,1,"6","NSD1"
"ATF7IP",0.000374553767637146,1.18938495663191,0.577,0.565,1,"6","ATF7IP"
"MT-CO3",0.000515251328671723,1.29223372649954,0.505,0.437,1,"6","MT-CO3"
"CHD2",0.000565436912057897,1.11149342944922,0.622,0.606,1,"6","CHD2"
"TNRC6C",0.000723624333353892,1.13725736216623,0.586,0.59,1,"6","TNRC6C"
"FOXO11",0.000772357280272521,1.22850704738264,0.55,0.536,1,"6","FOXO1"
"KIAA2026",0.000788874628548264,1.49858886534438,0.532,0.518,1,"6","KIAA2026"
"PHF31",0.00105539746021538,1.2534680758587,0.541,0.536,1,"6","PHF3"
"KDM4C",0.00116305818676205,1.34100258261583,0.532,0.538,1,"6","KDM4C"
"BCLAF1",0.00119997851625244,1.27282606998078,0.514,0.505,1,"6","BCLAF1"
"TAF15",0.00121204926687498,1.60777823501791,0.514,0.514,1,"6","TAF15"
"SETX",0.00148983722813958,1.393393630171,0.523,0.534,1,"6","SETX"
"PUM2",0.00203374559875192,1.10565621293821,0.577,0.593,1,"6","PUM2"
"CDK13",0.00223936735232646,1.0546064896271,0.577,0.606,1,"6","CDK13"
"TRAPPC9",0.00225324973905548,1.33408936277092,0.568,0.568,1,"6","TRAPPC9"
"STXBP5",0.00226864166033376,1.0758667108072,0.55,0.552,1,"6","STXBP5"
"RSF1",0.00235215014947701,1.17913526001809,0.541,0.547,1,"6","RSF1"
"ACAP2",0.00238371538945839,1.14048907265295,0.514,0.495,1,"6","ACAP2"
"SRPK2",0.00268428212248535,1.02428567876584,0.577,0.59,1,"6","SRPK2"
"ZCCHC7",0.0030610489025652,1.26219657370186,0.577,0.603,1,"6","ZCCHC7"
"DENND1B1",0.00369093783908419,1.09951173556078,0.532,0.518,1,"6","DENND1B"
"RSRP1",0.00371515541866567,1.10652840126568,0.613,0.637,1,"6","RSRP1"
"TGFBR2",0.00443097691901984,1.25804000328487,0.541,0.564,1,"6","TGFBR2"
"ZBTB38",0.00462073720831456,1.51428662473972,0.495,0.502,1,"6","ZBTB38"
"GPATCH8",0.00568298672846203,1.1164916725676,0.586,0.615,1,"6","GPATCH8"
"EHMT1",0.00578918311149111,1.12571609057656,0.541,0.563,1,"6","EHMT1"
"SPIDR1",0.00587591848067392,1.16890782903005,0.595,0.593,1,"6","SPIDR"
"BBX1",0.00622501620279256,1.26911565590249,0.559,0.587,1,"6","BBX"
"XRN1",0.00700458264812642,1.12200938754222,0.541,0.574,1,"6","XRN1"
"NCOR1",0.00776202410676314,1.15657519506205,0.568,0.633,1,"6","NCOR1"
"XKR4",0,10.3908355283864,0.951,0.013,0,"7","XKR4"
"KIRREL3",0,8.78020588462109,0.803,0.017,0,"7","KIRREL3"
"NTM",0,7.21873072620795,0.803,0.02,0,"7","NTM"
"ST6GALNAC5",0,10.0187561601497,0.738,0.007,0,"7","ST6GALNAC5"
"NKAIN3",0,9.58543019827824,0.59,0.01,0,"7","NKAIN3"
"RASGEF1C",0,8.78844419151503,0.574,0.005,0,"7","RASGEF1C"
"SHISA9",0,11.9142530556633,0.557,0.003,0,"7","SHISA9"
"PCSK2",0,7.92364960185318,0.525,0.005,0,"7","PCSK2"
"RELN",0,6.49542038014856,0.525,0.007,0,"7","RELN"
"XIST",0,8.98226964131281,0.508,0.001,0,"7","XIST"
"NRXN1",9.96847863820567e-267,10.7512380278027,1,0.045,3.84843086306568e-262,"7","NRXN1"
"CADM2",1.88985110852111e-165,7.88050742970744,0.951,0.071,7.29595918955659e-161,"7","CADM2"
"NRXN3",3.29207939226044e-153,9.17089065909401,0.951,0.079,1.27094017017606e-148,"7","NRXN3"
"KCNMB4",2.43526202465007e-146,6.08679052176719,0.656,0.034,9.40157257236405e-142,"7","KCNMB4"
"SORCS1",3.80923266293226e-135,6.16047069266586,0.836,0.065,1.47059236185163e-130,"7","SORCS1"
"TRABD2B",2.22920737051625e-116,5.55960897893168,0.557,0.031,8.60607797461504e-112,"7","TRABD2B"
"GPM6B",4.09958412852494e-104,7.74911332349605,0.557,0.035,1.58268544865834e-99,"7","GPM6B"
"ITGB8",3.66352171607457e-102,6.50391357793761,0.541,0.034,1.41433919370775e-97,"7","ITGB8"
"CDH191",6.90641467538482e-85,4.73066719158866,0.967,0.15,2.66629044957907e-80,"7","CDH19"
"CHL1",1.05676964388004e-82,7.75441104766746,0.754,0.091,4.07976488716327e-78,"7","CHL1"
"LPAR11",1.08212403936362e-82,4.55598303360793,0.738,0.079,4.17764806636718e-78,"7","LPAR1"
"NLGN4X",1.31376119804819e-81,4.72042154427381,0.525,0.039,5.07190648118483e-77,"7","NLGN4X"
"TMEM132B",2.61097575646234e-75,8.60446100041387,0.508,0.041,1.00799330053985e-70,"7","TMEM132B"
"IQGAP22",2.67836921853429e-71,3.76076321373536,0.672,0.073,1.03401122050735e-66,"7","IQGAP2"
"SLC35F1",2.76613800453087e-69,7.81800775044992,0.77,0.117,1.06789523802919e-64,"7","SLC35F1"
"KLHL29",3.31420865183395e-67,4.73457681517622,0.689,0.087,1.27948339212702e-62,"7","KLHL29"
"NCAM21",7.72825433136504e-63,4.42250794102385,0.82,0.134,2.98356986716679e-58,"7","NCAM2"
"ZNF536",1.90695795686985e-60,6.64198253579454,0.77,0.135,7.36200188829174e-56,"7","ZNF536"
"GNG21",2.74424260304066e-53,3.62249796969504,0.541,0.061,1.05944229932988e-48,"7","GNG2"
"ALCAM",5.50967108938325e-52,4.9154447896182,0.525,0.063,2.1270636207673e-47,"7","ALCAM"
"ADGRB32",3.51112228274168e-45,3.77864083190936,0.885,0.223,1.35550386847525e-40,"7","ADGRB3"
"MMADHC-DT",5.42302329420551e-43,5.21749333547769,0.525,0.076,2.09361237296098e-38,"7","MMADHC-DT"
"NEGR11",1.52403146211853e-37,3.10630173658615,0.803,0.201,5.88367586265479e-33,"7","NEGR1"
"SAMHD1",3.50883281220675e-37,3.82402850335238,0.721,0.179,1.35461999548054e-32,"7","SAMHD1"
"ANK3",5.2816205266955e-36,3.72171399524296,0.967,0.625,2.03902242053606e-31,"7","ANK3"
"SCN7A1",2.18616927076206e-32,3.10305984698165,0.787,0.219,8.43992508670401e-28,"7","SCN7A"
"ASTN2",4.36352790910859e-32,5.53880890985293,0.689,0.201,1.68458358459046e-27,"7","ASTN2"
"PLSCR4",8.03549158929183e-32,3.54509478293476,0.623,0.138,3.102181882962e-27,"7","PLSCR4"
"FRMD4A2",1.09742490428141e-31,4.37318351735612,0.918,0.488,4.2367185854688e-27,"7","FRMD4A"
"GULP1",9.19371492522585e-30,3.31714135034264,0.607,0.137,3.54932558403269e-25,"7","GULP1"
"LGI4",1.01492013786473e-29,4.91966281375732,0.557,0.129,3.91820068424057e-25,"7","LGI4"
"EHBP11",2.85850240509836e-29,4.14063892634672,0.885,0.51,1.10355343851227e-24,"7","EHBP1"
"DOCK51",2.35625953289233e-28,3.37445573970014,0.902,0.528,9.09657555268412e-24,"7","DOCK5"
"EPB41L21",1.00756274062851e-27,2.54259217425392,0.869,0.345,3.88979671647044e-23,"7","EPB41L2"
"TENM3",1.87212791109159e-24,3.69307810728906,0.738,0.296,7.22753701356018e-20,"7","TENM3"
"STARD131",5.23934542784488e-24,2.53354479745952,0.918,0.721,2.02270169587379e-19,"7","STARD13"
"ASAP2",7.5883241957542e-23,2.66580236677155,0.754,0.29,2.92954843901287e-18,"7","ASAP2"
"PRKCA",2.19265395220479e-22,3.71496401782672,0.803,0.439,8.46495984788181e-18,"7","PRKCA"
"CAB39L",2.53207460280448e-22,4.3549301482949,0.672,0.266,9.77532721158696e-18,"7","CAB39L"
"SLIT21",1.99208971001491e-21,2.81601240741919,0.59,0.171,7.69066153448355e-17,"7","SLIT2"
"ENSG00000230490",1.09723967961329e-20,3.72348485942086,0.803,0.48,4.23600350711508e-16,"7","ENSG00000230490"
"WIPF11",5.95527210862878e-20,3.42737084395714,0.689,0.285,2.29909235025723e-15,"7","WIPF1"
"BCL22",1.04175705528085e-19,3.50171418690678,0.754,0.423,4.02180728761727e-15,"7","BCL2"
"KIAA12171",1.61677383602223e-19,2.05954640942134,0.918,0.692,6.24171707134742e-15,"7","KIAA1217"
"DST1",2.23213608196794e-19,1.55837692993885,0.967,0.889,8.61738455804542e-15,"7","DST"
"ADGRL3",4.28379147529027e-19,2.73881572749038,0.754,0.352,1.65380053695056e-14,"7","ADGRL3"
"FOXO12",5.26018719217114e-19,3.49960829959787,0.787,0.534,2.03074786740959e-14,"7","FOXO1"
"FIGN1",1.0350923861486e-17,3.34722330965855,0.77,0.52,3.99607766596528e-13,"7","FIGN"
"FRMD51",1.19549436945004e-17,3.99626805259664,0.672,0.318,4.61532556269884e-13,"7","FRMD5"
"AGAP11",1.73842422521589e-17,2.35361668339189,0.852,0.656,6.71136056386846e-13,"7","AGAP1"
"COL5A21",8.71605483386374e-17,2.04869357868482,0.508,0.141,3.36492012916144e-12,"7","COL5A2"
"CLMN1",3.9125726663465e-16,2.35851526864417,0.541,0.174,1.51048780356973e-11,"7","CLMN"
"PMEPA1",7.28149031902026e-16,3.47121428317116,0.525,0.191,2.81109215256096e-11,"7","PMEPA1"
"ABCA81",1.63898137109656e-15,1.57399071464262,0.787,0.475,6.32745148125537e-11,"7","ABCA8"
"SPATA13",2.07817422195111e-14,2.10051966070154,0.541,0.182,8.02299940126444e-10,"7","SPATA13"
"PLCB11",5.46790347540288e-14,1.3230693972455,0.803,0.379,2.11093881571404e-09,"7","PLCB1"
"GPR155",5.49948393615427e-14,3.62813183485792,0.574,0.269,2.12313076839172e-09,"7","GPR155"
"ABCA61",8.64726151268386e-14,1.20114575656243,0.59,0.211,3.33836177958673e-09,"7","ABCA6"
"HSPA12A",9.92251076233513e-14,3.75203863278572,0.574,0.278,3.8306845049071e-09,"7","HSPA12A"
"BACH2",7.67192737627955e-13,2.98445466113161,0.689,0.429,2.96182428288648e-08,"7","BACH2"
"RALGPS2",3.86157019761607e-12,3.69419448621206,0.574,0.306,1.49079779049166e-07,"7","RALGPS2"
"ZEB22",1.14541786250704e-11,1.87515781546745,0.77,0.595,4.42200019999467e-07,"7","ZEB2"
"CADM1",1.21870684373894e-11,2.28529999729064,0.705,0.467,4.70493964093854e-07,"7","CADM1"
"CASC15",1.23255541935315e-11,1.41189119742512,0.525,0.187,4.75840345195478e-07,"7","CASC15"
"SEMA3C",1.80795015095628e-11,2.98344028371015,0.639,0.397,6.97977235278183e-07,"7","SEMA3C"
"NCAM11",2.52976159968055e-11,2.40263071829232,0.77,0.55,9.76639763172672e-07,"7","NCAM1"
"KCTD1",4.62557078364954e-11,3.66860990258133,0.541,0.29,1.78574785673574e-06,"7","KCTD1"
"COBL1",5.63831643051434e-11,2.40220219614268,0.639,0.394,2.17672844116437e-06,"7","COBL"
"CTDSPL",7.64314703357834e-11,3.03234058329462,0.623,0.398,2.95071334378325e-06,"7","CTDSPL"
"ANK21",1.05287376185431e-10,1.82841462239881,0.885,0.696,4.06472444501474e-06,"7","ANK2"
"ZSWIM62",6.04175315985333e-10,2.2574614380313,0.721,0.593,2.33247922489298e-05,"7","ZSWIM6"
"PMP22",6.14501539197976e-10,2.80800780504617,0.574,0.343,2.37234464222771e-05,"7","PMP22"
"CLIC41",8.19206327925306e-10,2.36347318113031,0.672,0.504,3.16262794958844e-05,"7","CLIC4"
"GAS72",8.5790678807436e-10,1.69266477427298,0.607,0.339,3.31203494603987e-05,"7","GAS7"
"ADK",1.12557078346416e-09,1.71284676551526,0.738,0.581,4.34537856664173e-05,"7","ADK"
"IL1RAPL1",2.46856778921601e-09,1.89506811484209,0.836,0.674,9.53015280704734e-05,"7","IL1RAPL1"
"CTNNA1",3.47009320111615e-09,1.64372760863092,0.77,0.65,0.00013396641812229,"7","CTNNA1"
"RASSF4",4.77140457403515e-09,3.60860058134169,0.574,0.391,0.000184204844985201,"7","RASSF4"
"DOCK7",5.46823129774384e-09,2.74827985586907,0.557,0.335,0.000211106537480699,"7","DOCK7"
"SIPA1L1",5.97135238338879e-09,2.65040622230356,0.525,0.286,0.000230530030113108,"7","SIPA1L1"
"SIPA1L2",1.15983385770506e-08,1.94725774382266,0.705,0.536,0.000447765459105614,"7","SIPA1L2"
"ADAMTS9-AS21",2.06127465037516e-08,1.09102213472991,0.738,0.502,0.000795775691523834,"7","ADAMTS9-AS2"
"CTNND21",5.01447249029318e-08,3.19440331633491,0.623,0.442,0.00193588724960258,"7","CTNND2"
"PARD3B",6.19045486105959e-08,1.88291440957313,0.705,0.633,0.00238988700366067,"7","PARD3B"
"MAP4K5",7.57149216326151e-08,2.70462004196104,0.557,0.365,0.00292305026454874,"7","MAP4K5"
"RETREG11",7.82347139670267e-08,1.63661985801283,0.689,0.518,0.00302032936741103,"7","RETREG1"
"ARHGAP242",8.10029036441233e-08,1.68559506552105,0.77,0.682,0.00312719809808502,"7","ARHGAP24"
"COL21A1",9.82330980754005e-08,2.48012487578374,0.574,0.4,0.00379238698429891,"7","COL21A1"
"PHLDB11",1.57212802103275e-07,1.76395761665772,0.574,0.359,0.00606935743799903,"7","PHLDB1"
"PIP4K2A1",1.75204004252791e-07,2.22246389076795,0.557,0.365,0.00676392578818323,"7","PIP4K2A"
"DPYSL2",1.75211522604695e-07,1.8485115530871,0.541,0.32,0.00676421604167687,"7","DPYSL2"
"ELMO12",1.97964364730086e-07,1.00129315846798,0.639,0.353,0.00764261226476971,"7","ELMO1"
"SPATA61",2.93035645540944e-07,2.07641994639588,0.557,0.358,0.0113129341317537,"7","SPATA6"
"CHD7",3.87786548271879e-07,2.17017378581593,0.607,0.451,0.0149708874825842,"7","CHD7"
"TNFRSF19",4.0720782673012e-07,2.61418688959781,0.541,0.351,0.015720665358743,"7","TNFRSF19"
"AKT34",5.81413243950279e-07,1.27335048550752,0.656,0.402,0.0224460396959445,"7","AKT3"
"FYN2",9.17281422350589e-07,1.86464543106127,0.656,0.504,0.0354125665912668,"7","FYN"
"ADD31",9.3411852208233e-07,1.78300761605501,0.672,0.602,0.0360625796635104,"7","ADD3"
"ANKRD361",1.64090837067078e-06,1.95047333520383,0.607,0.471,0.063348908558116,"7","ANKRD36"
"KLF9",1.69906777498091e-06,1.92164355987511,0.541,0.369,0.0655942105209132,"7","KLF9"
"PLCE11",3.3202377541358e-06,1.82406818509459,0.557,0.42,0.128181098736167,"7","PLCE1"
"RBMS11",4.54908426603169e-06,1.1712902184082,0.82,0.776,0.175621947174419,"7","RBMS1"
"SLC44A1",4.60293201667081e-06,2.43844873162956,0.508,0.348,0.177700793435593,"7","SLC44A1"
"WSB1",7.0552142522407e-06,1.92982957149234,0.672,0.708,0.272373601422005,"7","WSB1"
"GALNT2",1.11032481678999e-05,1.99091185002011,0.525,0.375,0.428651998769945,"7","GALNT2"
"MIR100HG1",1.11116944287014e-05,2.10420715955317,0.541,0.401,0.428978075114448,"7","MIR100HG"
"FMNL21",1.22201049469982e-05,1.19482243450383,0.557,0.379,0.471769371583813,"7","FMNL2"
"TGFBR21",1.48202559231817e-05,1.55109070926211,0.623,0.563,0.572150800170352,"7","TGFBR2"
"TEAD1",2.48933997362342e-05,1.34243197202725,0.705,0.621,0.961034590217058,"7","TEAD1"
"SH3D191",5.57998053865092e-05,1.05137806102139,0.787,0.695,1,"7","SH3D19"
"MYO1E1",5.88220042536212e-05,1.24158158941432,0.541,0.394,1,"7","MYO1E"
"AHNAK",7.61905016834797e-05,1.91627785147093,0.541,0.431,1,"7","AHNAK"
"PTBP2",0.000111957502731199,1.52309039753341,0.623,0.541,1,"7","PTBP2"
"MYO5A1",0.00019593088618589,1.75094276396522,0.508,0.405,1,"7","MYO5A"
"DIP2C",0.000241406848224623,1.43564731154623,0.656,0.608,1,"7","DIP2C"
"CECR2",0.000355469491538207,1.85535060527201,0.541,0.451,1,"7","CECR2"
"LAMA41",0.000418914045445766,1.12625380313961,0.607,0.529,1,"7","LAMA4"
"VPS13C2",0.000498607057993215,1.55418152192881,0.639,0.62,1,"7","VPS13C"
"C1orf21",0.000504593961308814,1.22059014636647,0.689,0.676,1,"7","C1orf21"
"HNRNPDL",0.00052079219548604,1.10577317386789,0.639,0.596,1,"7","HNRNPDL"
"ST3GAL6",0.000531050857643003,1.0679848742544,0.639,0.538,1,"7","ST3GAL6"
"ANTXR21",0.000605579527988039,1.35054349164739,0.525,0.426,1,"7","ANTXR2"
"SAT11",0.000786816954907284,1.04272277600583,0.623,0.55,1,"7","SAT1"
"RNF1301",0.000795687796576864,1.18347989800094,0.525,0.429,1,"7","RNF130"
"PCGF5",0.000809615096029521,1.0061595145471,0.607,0.536,1,"7","PCGF5"
"LRCH3",0.000939800612273666,1.05781385736123,0.59,0.534,1,"7","LRCH3"
"ASPH",0.000982603079896949,1.1796758073246,0.59,0.545,1,"7","ASPH"
"PIK3R1",0.00105448943847543,1.10456833478395,0.672,0.592,1,"7","PIK3R1"
"STAG1",0.00116868450883362,1.082826714275,0.689,0.704,1,"7","STAG1"
"RALGAPA1",0.00140548751775774,1.15537265806994,0.705,0.682,1,"7","RALGAPA1"
"MT-CO31",0.00165887829200724,1.17226098973772,0.541,0.437,1,"7","MT-CO3"
"HSPG21",0.00481041745493433,1.11498274234584,0.508,0.448,1,"7","HSPG2"
"MT-ND41",0.0053590577107557,1.3895247364026,0.525,0.439,1,"7","MT-ND4"
"NTN4",0.00851916765470261,1.1683828024139,0.508,0.47,1,"7","NTN4"
"MAML31",0.00868749494164287,1.40990615312066,0.508,0.438,1,"7","MAML3"
